-- phpMyAdmin SQL Dump
-- version 4.7.9
-- https://www.phpmyadmin.net/
--
-- Host: 127.0.0.1:3306
-- Generation Time: Oct 28, 2018 at 02:56 PM
-- Server version: 5.7.21
-- PHP Version: 5.6.35

SET SQL_MODE = "NO_AUTO_VALUE_ON_ZERO";
SET AUTOCOMMIT = 0;
START TRANSACTION;
SET time_zone = "+00:00";


/*!40101 SET @OLD_CHARACTER_SET_CLIENT=@@CHARACTER_SET_CLIENT */;
/*!40101 SET @OLD_CHARACTER_SET_RESULTS=@@CHARACTER_SET_RESULTS */;
/*!40101 SET @OLD_COLLATION_CONNECTION=@@COLLATION_CONNECTION */;
/*!40101 SET NAMES utf8mb4 */;

--
-- Database: `parking`
--

-- --------------------------------------------------------

--
-- Table structure for table `dist`
--

DROP TABLE IF EXISTS `dist`;
CREATE TABLE IF NOT EXISTS `dist` (
  `pid` int(20) NOT NULL,
  `distance` int(20) NOT NULL,
  `count` int(10) NOT NULL
) ENGINE=InnoDB DEFAULT CHARSET=latin1;

--
-- Dumping data for table `dist`
--

INSERT INTO `dist` (`pid`, `distance`, `count`) VALUES
(2, 17, 0),
(3, 15, 0),
(5, 13, 0),
(2, 17, 0),
(3, 15, 0),
(5, 13, 0),
(2, 17, 0),
(3, 15, 0),
(5, 13, 0),
(2, 1, 0),
(3, 1, 0),
(5, 13, 0),
(2, 1, 0),
(3, 1, 0),
(5, 13, 0),
(2, 1, 0),
(3, 1, 0),
(5, 13, 0),
(2, 1, 0),
(3, 1, 0),
(5, 13, 0),
(2, 1, 0),
(3, 1, 0),
(5, 13, 0),
(2, 1, 0),
(3, 1, 0),
(5, 13, 0),
(2, 1, 0),
(3, 1, 0),
(5, 13, 0),
(2, 1, 0),
(3, 1, 0),
(5, 13, 0),
(2, 1, 0),
(3, 1, 0),
(5, 13, 0),
(2, 34, 0),
(3, 34, 0),
(5, 41, 0),
(2, 34, 0),
(3, 34, 0),
(5, 41, 0),
(2, 34, 0),
(3, 34, 0),
(5, 41, 0),
(2, 34, 0),
(3, 34, 0),
(5, 41, 0),
(2, 34, 0),
(3, 34, 0),
(5, 41, 0),
(2, 34, 0),
(3, 34, 0),
(5, 41, 0),
(2, 34, 0),
(3, 34, 0),
(5, 41, 0),
(2, 34, 0),
(3, 34, 0),
(5, 41, 0),
(2, 34, 0),
(3, 34, 0),
(5, 41, 0),
(2, 34, 0),
(3, 34, 0),
(5, 41, 0),
(2, 34, 0),
(3, 34, 0),
(5, 41, 0),
(2, 34, 0),
(3, 34, 0),
(5, 41, 0),
(2, 34, 0),
(3, 34, 0),
(5, 41, 0),
(2, 34, 0),
(3, 34, 0),
(5, 41, 0),
(2, 34, 0),
(3, 34, 0),
(5, 41, 0),
(2, 34, 0),
(3, 34, 0),
(5, 41, 0),
(2, 34, 0),
(3, 34, 0),
(5, 41, 0),
(2, 34, 0),
(3, 34, 0),
(5, 41, 0),
(2, 34, 0),
(3, 34, 0),
(5, 41, 0),
(2, 34, 0),
(3, 34, 0),
(5, 41, 0),
(2, 34, 0),
(3, 34, 0),
(5, 41, 0),
(2, 34, 0),
(3, 34, 0),
(5, 41, 0),
(2, 34, 0),
(3, 34, 0),
(5, 41, 0),
(2, 34, 0),
(3, 34, 0),
(5, 41, 0);

-- --------------------------------------------------------

--
-- Table structure for table `manager_login`
--

DROP TABLE IF EXISTS `manager_login`;
CREATE TABLE IF NOT EXISTS `manager_login` (
  `emailid` varchar(50) NOT NULL,
  `password` varchar(20) NOT NULL
) ENGINE=InnoDB DEFAULT CHARSET=latin1;

-- --------------------------------------------------------

--
-- Table structure for table `manager_park_lot`
--

DROP TABLE IF EXISTS `manager_park_lot`;
CREATE TABLE IF NOT EXISTS `manager_park_lot` (
  `pid` int(10) NOT NULL,
  `emailid` varchar(50) NOT NULL,
  `name` varchar(100) NOT NULL,
  `address` varchar(100) NOT NULL,
  `office_no` varchar(50) NOT NULL,
  `titming` varchar(20) NOT NULL,
  `occupancy_car` int(10) NOT NULL,
  `occupancy_bike` int(10) NOT NULL,
  `latitude` float(10,6) DEFAULT NULL,
  `longitude` float(10,6) DEFAULT NULL,
  `image` blob,
  PRIMARY KEY (`pid`),
  KEY `emailid` (`emailid`)
) ENGINE=InnoDB DEFAULT CHARSET=latin1;

--
-- Dumping data for table `manager_park_lot`
--

INSERT INTO `manager_park_lot` (`pid`, `emailid`, `name`, `address`, `office_no`, `titming`, `occupancy_car`, `occupancy_bike`, `latitude`, `longitude`, `image`) VALUES
(1, 'akki@', 'akash', 'ambernath', '2525899', '9am-5pm', 40, 20, 19.035152, 72.840446, NULL),
(2, 'sha@', 'saj Parking Lot', '31/23 BP road sion highway', '464464646', '8am- 10pm', 25, 56, 18.968599, 72.819031, 0xffd8ffe000104a46494600010100000100010000ffdb008400090607131312151313121616151719201b181718181f1f1d1a1b20201a181b1d1a1d1f1d28201b1a271f181821312125292b2e2e2e1a203338332c37282d2e2b010a0a0a0e0d0e1a10101b322220252d2d2d2d2d2d2d2b2d2f2d2e2d2d2f2f2d2d2f2d352f2d2d2d2d2d2d2d2d2d2d2d2d2d2d2d2f2d2d2d2d2d2d2d2d2d2d2d2dffc000110800c2010303012200021101031101ffc4001c0000020203010100000000000000000000040503060001020708ffc4004310000201020403060403070204050500000102110321000412310541510613226171813291a1b12342c114526272d1e1f007f1243392b2155382a2d216174363b3ffc4001a010003010101010000000000000000000000010203040506ffc40034110002020102040305070403000000000000010211031221043141512261710513b1c1f014328191a1d1e1152342f1243352ffda000c03010002110311003f0056956a4bc2bd39e5a58cc8b49dcfaf876f91990e0b59955e6939282030111c8e9e5d7164e099ccb6ed984562a04eb16b4f3defd709d6b92418462a6c4301616da76389b45c5d23b6e0b5c224e52839e8abd26ecd3b1b7cf10e7321e259ca852078956a1062f783ed1e982e8e6180b53682770c3d7aef7c4e5ea54528699320156a9b0224124f222660c6dcf0b66539792fd7f712e4aa0a60f783322cd1512a10081b133cf6981e830465b36698497a8cc419986543124c5b53efe19b4dfce3a83305493599966090e60807cff2e0bc9e42a04a7aa514310ba5878ac589006dcafce4e255be9452d2dd5020ae56a02b5aec0ea6a948ee237d2c49d85f1c54cfe8a84f7946481cd941dff784da79751876d91683f8adcf700e168c96a0010a644895f98f5c68a2c9d516aebc8d9cf310be1a6de258d1594cde0588189789172a668ba91f986968f70dd2418fbe07a1931ad82a52900136db78e5eb88df870f8bbb1632487239de4cf3eb82a42f06caff004fe4ca19c60a0d4d4c7757d0c245a6446d1cc5adb627a99ca750695ae82772640e5693b0f2c45dea9520175d22005a809f71ccf3f6181a85128cad48b027fe66b504111b8d2277026074c277542d31fbc810f0def2a433a3feef8a030f227603720c1fbe2db4743aaaa81a17e15d303a4c47ca6e079c928ebe732ec353af854c152a2ed61b44409d8fac08c7343baf891d69dfa927ea428f61ef8504a3c887cb71be668024b2d8ad8bec079163661e4263cb1c3566202eb824ee82d02ff1308bf9038198ead059831880c1caada45974b0568f4f7c714e89220d4abf9ae0a30120a9200bc5cfbe35d4d9354344cb31025b6da2e7fea6dbd82e06af905d62c6483a5e4ea0c0f5327f37d30365ead6a4a20338023c4a05f6e449fb7be3a6ce5562188100c44948930677237bf4031569741537d42143523a6a1106faa6034f51babdf9483f6dd0d269a2c06b0375077bc053b93cb6c4198aac09a6d495750dd5d58c6c6ec249bed1898d334db522556046da092a7c98df4f553385abb0511e6b86803584a6aa14ea0517c4390100689e4649b012271066bb2c8e3bca6c66c544c0220480c2eb37be18d0ed0ba5d0a0e4c5d18c728bc4191118253b40af665cbb7a1d27daf8879127c8ad2cafaf0855a63457ab4aff000bde08f489fe6e7890be6d76aa1d7697a5a41f7da3df0c33b5d090532e558190c8c7dc6d71eb8ed38ca44544600f9023de0fe987ef222a13e7a8674242d2a258b29010e9da49992048217eb883259e9a64661c5366695d0479d8da264c93aa0f9736b99ed1055d34f5051b10209f5637b5f6c5733ff8c41a340299f1b3445e21821524d89d94759c652cb6fc23a2cdc272ee67551491f9ad0475d52d73d3168a796289a0e995e4a410074b7db1e7f4b3397a0a119dd9a2e4540a01e7a54b061ff4e1e760b8a2d435694c9f8b578bc4262fa80b8b6d6db1e47b7e1af8372ffcb4fe5f33a7847a727a8afb5390524bc90cb137b159bef61124fb600ca707d4ac69d56336642363d0c347b81827b759576aea29a331d37d248904c41b749f9e122f0fcc2babb928492a0bb4ee0c09933bda71d7ecb77c2637e44f11ff00630b05d28c3d3a4c84c46bd26418b6ae73fa6385ed1770ba6b2b8007809113e53b1f516c0e9c0b3269eaef8ac96d414b288137240120c7d70a331c3d1dd8b69691b0ab4e75016993a8edb6f8ef6cc36189ed5235c2800f5aab3f438cc255e035f9656ab0e465aff4c661db0a3d77204a16614a8b489d22a2158020912b1ab6f0ee7093319845241a2a6586c57f33408b8b4fd3a63638d537551009dca95da640fcb1d0ff0091801eb96f0c2c81274d3a63cae7483cf9e39714e4f5397775e88d9adabd036bd3480e28dc4ea53a7495dc7c2e4822fcbe7c9a709cba943de537551670a18cc0124b01b73811fd2aaf9edb5d12141dada6dccc03bf3df0ce8e729152c28120f2022201bec0de267cf963552b135b0d92a04663499d2e44b87223d194c7aef892967d9ca8d68f2c5ac0082b63b81f218ad2711201269baacefa980f4b6381c48e85d0485133f89b03b886f9db098752e5ff008ad224a17a4ac08957420defc8de41e8305e69e8285d094ea0fe166583e5733fe75c5038766975eb0a5ea0fcc0ea31b735816b7b60eadc4a125c03782ad4d06913d4afe9869b135b165fda32e0b1ee4a9fcd152dccf358eb81b88d6a4553bb5a819583431107a6c241f6e679c62a1538ad2b055561bcb0989bc02a410b6db07f0fcd2107f0d4398d8904de05b5cf3c3561d50e6a5571274c96dc6ad2a23a4789add48f418829566200fd9d4a9bc070075f84281bf33270baa665c90ab49896fe2700f2bb6b206f83470ecd26a2eb562d015d8c0005843058c3d5b8ab60ed74da8d553970d50b4a966f0a9b4405226201e86709f2a2b3d5a6a6a5471a94302e602c804c6d61fa625a14ebf8f4d1cc106f363795e506f189f2146b77f4ff0007348a19649401627990824639b886bddca5bda4fe05a8dc9160e2197a74e8b3e8562b162b3ce36e7be2bab9ecb5c1a0824f25607d6c77c5b38854094d9b7860378e60f51e58a58cf3a55252ad3a291f89aea0726e49d2b240111bc45f1e4fb072e496094a526db93e7bf446bc5c7c492ec1195e1349a3f134889f8ef68064c886e7826b7005752a330e0f50c49fbe02e21da767d2a7374d82789474379102c4104cefbe39afc5998269a74d836da29cdaf7921845b6c7d0eb472e908ca642b523dd2d56526c8182b07324d894926f306f7c317a1591bc55a8831f09400f5de46112e46b922a5375906469057a72d31cc5c7f6c1594e0d98ab2f5330a84182ac2a12475d5214fd4e16b7d01c42330cda5981a64cc3113b4fe61a8f876bf9db0ae8f1564725a8123988f324302c8679f9f8ae71265b39dc55a8a8f54b69d2cc06899fdcdc98ea631acb70bcb3035345599e64924f9b4dee7999c4b9be809305ccf68e8927fe1e90683060488eac23afeee15d4cf54a83f0cb1fe57731e8174afcd4e1d67290472f4904c788b28622798bcf21e982b20f5992580e7f11104751a4581dc5f638a1951a199aace11ea1133048599916310db5f7f6c3a4e0a8e06b7aadeaa48ffdd27eb8292b566a8a052064482b3116b0d405c092447ae1ad2c9d42de33a41fe203ed185690558165382d2588a4ac07ef2b7da48fa619e4b3c945a569a2f23a617ee0623cde4f2e29cf7951ea0dd43299e9049c56f2d9f615596a22525513f11d4472822c4fb633c918e48384f74f6609b8bb459739c569b92f067c849fa0f2c2ea9c51f74a66dcf491f706fe98dd3e3144c5cfb95fb988c0f9ee374013a5803fcdae7d80c2c58e1860b1c16cb90e4dc9db027e2d59d8ac16204e863f1098b49889b4c1df0ab8af02a880d40294192b48133b6a804249316f78c15c578b2d514d568b870655853799024c4c6fcffdb10367eac332a3f425b458f424998c695e42a27e1f95ae69a18aab2a0c02b6f9dfe78cc734f88e6a06fb7fe720c6f06e2a41193e1ac2a7fcc32544981e9d2f82ce45c5730f7d025b4ac9da07c3186c387d5ef2c8440bfe9ee71c3655d6a12ca541517369feb86dad54690e4efb7ec0399ca3e969ab6824884bfc97cb05d7cc3a280f54a2d3a61cbad9800db44807df069a328e04fc26f1e471ce6b2a95934bbaa2bd082cc46d69df9fb1c4cda5ccb82b8322afda1cad5534aa6633256078084b48de03482419c2eafdced41988fe3cbd499f5499c29e3fc17286bb5457a875430234c1100037a67789df7c2ecaf6752a965a7de35afa8a47ff00cf19e39eac6a6dd5a4c87b368b764b84bad8d7cb1fe657047f34817f6c0d9de0ef4d0436599645d49247cc08f5c759250ba4155b002750bc0036818ca7442808554f4f18eb331f2c5d6e52fb97e64957b32c4b1032e49e42b281cfaf3df1c52e04b4817a94fc732151c3585e432c899fca40db7c1d5a9fe1a347c45a65c72d22c62e37c26cfd2a81810aa01008b0b8b899e98cf164d69b5ddafc9d04d7c82739d9ea6115a92d72faa42f85563f8a1c9d5e9188172f581834eb7a0604fd4e216679480a65a3c27c8ef82aab3adf488eba8ff4c69b89ad95a1b7657287bca82ba5683013bc52a16605880039920f3e98ae707cde7173b469bd6a840ac1594d120100c5cfb4cec77c0753b55569559a6c043c78a59660088ea0899317c4fd97ed1e67319d45efa7c61de57482a1a180005be330279e30e29a58277d9fc0505e345fbb6595a8f45929f7426a2126a950a00324cb5b1e6f57374497a2cf49d4bf88d1462acdcd895613eb30431c5fff00d49e27532f415e9b152d5141206a85869b731200e5eb8f3fabda57a900d55d3323fe1a2639897201f49c797ec15ff0eebabf91d1c43f19df0aa282d41438b8d2699900db70e4cfa9fd70f9b2f9a7009a4a91ce4afde475fcd85b4f8866b42bbb542af25181401a0c1b4c900f96255e2274966a64812492ef11bfe5a716f5c7b2a5a95adcc2bb8eb87e9411519841f100e27d01bc0b8bf9604ccd751503255565d5054d46660be86167d30adf39a99053a2a0c6b1f84e4b6d241620110402707f06cdbf7ceaf4d14448811e51b9507ac60ebb8ba0c578b5306d4da3c95cfda46d8eeaf1701815cb5423cc73e46e57d3e589f2f98a6a5e425c8378e916b63bab994827c3b4da397b7962c560238c54049142098dc283f427a9c0c998aea0ec14f299d24cc9b0074cee395f96cc4e6964dc6ffb80fe98c5cca97405da09d829b5c6e08039f2c090087326bb54d26b20048b6a4f203779ebd6c4e0a19072d7cc47f29fe94dbef85b99cb15cc92a0912b008dbe31f2b7d70ddcd456161cf9f991d30e9588913816a07f1aa37280edf6f0621a3d9c50ec4d0a8d6104ab41dfab9936bffe9c10af5083651eaa4feb8d54cc94dea24f4ee8ff00f23800d8e0aa16451883fb8b22f7fcb38ca9951b06b9e41936e7207961766f367956831b055fef88d33018c77b504f28503ed80568373b905d4ada878667793223702d720efcb09b8ed2508d50778058309124755927c43cc6de8307e946bf7950f2f88efed81337429e960351683bb31fb98c524164f96cb5128a7b91b0dd949f73a77c66054a34207847cffbe330a83516ccc713a89983009982641d3100ef36c33ed453ef72aa492a7529b58e26caf0b257c7722c71271ba5ff000e41e457ee30685bbee3d4d7228b9f764503bc6249b1733e47ef8ccc705981deb100f841020123448e963869c6b2dff0e4e91622fcc09e5f4c4a8862fd47dc6212f133a6795bc51af3be5e5fb9421c175bba3d46f03151d60138b1700a269acea266a28f681bfa9527df1aa94ff1ab1fff0065fde7040aba68160a5a1d2c37b9e5e718491195d49af4f816afd90328200fed82e965149b8bc11f6fe988f86d5f01f21b75f21e7832bbe9653cccc03cf6e5be366739ca65efa4fc3b8fd7152edbe5a2a0d248f00101a06ec3db178d0489e63159ed827e2211fb84fc98e2546296ca8372835f21a58496f2f11feb899b2874c6a78e9ace1af12cbca03cc607cabc8c6b488d4cabf67e983988601a2b03e38eb7f710716ce0990a746b52628159cc02a4933a95bc53cadcb15dec950d556ab4495a85bee08f5be2df50b3d5a40512a0541e2dc73e971bc639b2e3d70717d4de33aa1e76de82566a5419994c33dac2c545cfb9b797963cc78b70aeeeb145f12cfc53313b1db1e939dcaae6ea935a981a477704ea060ea9888de0c6fb600afc21292661540002a150040170200dbfdf1c5ecce1a5c3f091c7354d5dfe6cd32cf54ed0bb2d953a2992200a6aaa3a017e7cc9249f33826be5c2a1602e013e5b1de6c7df0d2b65c77347f97ff8e3bcc220ca560478a2df4fef8ed82518248c1bb96e2fe09956cc297aab604052d066090481cbdef8e286547ed3544585a3e5b62c1c072e450584688524c5b727f5c2cca47ed5989fde3f7fed887f791af409a1935bdbfc8c1399ca0fa1fb9c4b96d9a473c18f1f7fb9c6c9193620d3bd84cc7bd8635ddc5c0120e0d651ad8c73fd062177117c3a0b15d5a7a9d9ac4eaa771b6f5262307e729f8d6dfbdff73e39e09916a80c1510e9b937b31b40f3c495d8174bf23ff737f5c00d6e48b4e447a611f1d5404cd40a4d8c09317de37e587e8de28f2fd3157e29947cc5568855417245ff00df012c495ea89f0820447ac73c746b1881b41df1055aa2614472f327ae39a8fbfa1fb61510108d0a3d4fe98eb2f982c581fdd3f61fd70054a965f53f718eb87573e2fe5fd40c52191557be3302b55be33008f58ffebca33ff26aff00d07ed18133ddb6a5514a9a55079c0e571cfcb0832fc22801228d38b6e27efcbcb0651e1d485c53a62368400f95fe78e07ed0876656a25cc76b29bd36a5dcb8d4371a645e6d2de58dd2e2e5c89a1515560eb616688b40933885f254ec42531a4c8903788926241f3c4a018b00398d27de40b7db19cbda11e88af79b50c6af03a8d5aab1a2f4e9bc1ef5aa532040f8b4cead3fdb0153cbf732a6a23acd2d2c196f1f1189dad8dea6312413b00646c001f61b0c75a580dccf23bdbdf9e23fa86fb21cf3393ba19e5788d30443837bc5ff00cbe1d367a8542a3bc4045fc474dfde314c4cb4b4f7cd6e568bdadcff00dcf963070f0493de3d8441881b1b5b7fe987fd45f6f899ea65e938ad15905c48e9791d444e2bfda6cc2b93dd1905186a1f9589b58faccf2be129e1e05bbc6f491ed322636c740de04122c7c23d6e663a47ae12f684a5ca81cdf607cdd3af60aa86796a88f9e1553c8e6564845dec0107ea0db16055983abc80d8721b73b899f3b6f8ecac41d572408913798b18e9e64e1ae372f911a841c2bb3c29a90c18127530245cdc72e5b1db0d72c869f851584ee75ef1d6f279f4f438933198d373534cf3bf2b6f16e56f96252cda7531d369b8b731ce2db7adf194b3647bd8b5304a999655922a8602f0c4de36d40c4dcdc9db1ace66aa9d409a865429242c100ca9369df9c498e7897f6a3320920181a6e08822fefcfebcb1d0cd106e3c312581da7d7a4f9fd7094e6ba8afcc893355615759116128001b6f7b721bf3c74ef519595db97ee458f94f9e255f10b82bbf4926f111d609f6c71492991b80663e2260f2133bc72f4eb86b3ceb663b644b9dce521a52a291b4106e00b8f9637473acb51db500c7791320dc1f2e7f2c76c88c2c4b0b58441bc5ed3cc13b8022d88ea65e97c243431db7b006f69e830fed137cd8b535d4e8768994e90e354cc449361bd8988076ea3199ae3d98254eb450149652b13d666d02fd23118e1b469d4040695932c79c6d2449903974bf9f43872af3d2bf13789acdd4933edb61fda25d1b0b61794e3aea0fe1069da245ff00a631f8bb3a956a6a8dd4b48063ebcf6380ab64c7e40759b092c40dc4969988262e710e6385b904354064de44dbe2b09b0955bef61bde697153ae63d7209e119d34aa1aac0310223569506c356de5f5df9e332f9c6682e8cb00811106e49e7e7be021c2ea17350d40c76900c30995d40dad205a77277188aae5aac2e9a8206c27516bc0bec448024df14b8995f30d721e7edf0c5ca9883171711fd2f855c6f8a781bbab6ab334791b5ed3e6630b96a56d4c0c137990082044dc0b813ed188aab54d5752b4cac922239006c6f3276fd31a2cf3eb40f2307a79570410cb7f7dff005fea304e5e905697067a47b5e791c6c5b5687064900832418ddb530e400ea3d05c7afdd315d4e4f4d21b7e76dc193cc91817132b16a6439ca0d22e06e4c903720fa622a03407d445c003d666fd2d1bc623a4d4d19b56a6862acca059af03a73513bc93d271352cc491a54b09bb0bf8be22a1771b113b7ebafbf9a1ea62ca61a375e7cfcf1986ecc1bc495469371f8807e9d71985f68906a634ccb0a53a6a6b53103490541e5a858fc8460ec96643c82601e5ab6b5c0e7d7166cce49293cfecd461cc0f02989802778e77c53bb4ec29d69a634863048f84374facc791c67c4f08b792346ba8dc0d5bc474062febd231ba8b0fe44f983d64c0dadcf7c26ca7109824c188b2cc9e761bcf97db0c72f5cdfc5047e52b1f4b91cf7ebb63cb941a7b8505a53f1692d277904cc7a44fcb9e3628026751007a99e5f7e988ce5e54006e4f2dced1723d3af3c4c08b6b93d479d8da3e789698dc4e568f9f9ee4cee60c72b7db19569000ea054fef83f4c6e81804a15d3d27a83e7c8006d1890d45d2620c795e660000d87973b623c44d194914c41b0def704fbc6364b88002ef064c5b7b799b5b1a7aea48000205cd811b8dccd8f203cb1b5ada58f882da371f7dc9327137607274b3891713a499b03bc729b44799c455f2728175472d4a049e40298306db8e87adbbfdb08bc6a9e40c40fb0df9e23ab9f3cc4199b0bf28f7318a8eb5ba13a355d2b28941deb6c003a626fa4c91e1e7b4c9f4c0b44e65899a055801a485044c79b45a26667c440f322be6488860458110667975005a6c06d8e96b35cccdedf2b5be800be34d52ae42d288389e4732e59558043cec2d60458920409f7230a29f0bcc21d44c098235cc9de098f86e4c0e98729c434db4d801316ebd79cf2f5c4b573932b31d7d266e0f5fd0e1ac938f40a420cf64eb680157c6a47844c107af2001f3b003ae1b65a85461e224369d32a0586f6f1786e3dcc18b6198627e124b0e5361ebcae2db79e3450b49064083e021badf68dc4c63396793543d085fc3e825305759902199815b4ea881ca797de7043e569b8962cd0418d420c191322fbcc1f9e25a72da846db902c3af3bdfa638af422f6def24dcfd6fec7d311adbdec34936a000bb34721a7aee60728fee63033ab4860ca79a920d9ad1a413b58cdc7bcce26fd918a8220ded22679dcf21cfa44634d40961f89168851722d36e405f029f98500bb5700690b60199492751b93e21e7047a9bf21c0ab54840b448045cb30f0de08b13bfcb06265c9208aa0898248824f4027f5c69f87b89216794491b45fcb718bf7a85a45d4f3cc49d548a49852d10d1726ec0ed7900ec312be7b680aab68244c89b45fcc191feecd32f0141bf2f4e57179f6ebb6226506fa045a18a93e47a1178f2bee714b3a7d05a45d4f37a5b4b5412c4c29bdc5c86b428807e78902b35d42851f3311be93a41bf33ed7b4f9b14db5232785a418dcfb4c902df4c714e8d28628a149b481a60743e513cbfae2bdeaaba0d24795c9d3d72aa82c218107c3cef36e7cbf5c46959581222a689ef0738891a4441dc6dbe3accd052aba606936e41549d44280749378bed88f3793ef2a2bad4aa900c00011b6e3f8a40bdf9475c52c8bab1510d6c853214351d4081034ca8e5326c3e237f7c6c645001a6820170660100fe69b83b6c7db18b9329a8f8ea29b00d32a3603c53224cde0fea2668f728cd4e9b07d30745e06da801284c8b8e9d31a4657b2614115784a124e8520ed2bcb96ce07d31984a143f8d9a59ae7522833e635e331bd35fe423d7fb1f9ceff274cd55bb8333f9afbfa1107df156ed4707341cb34be59c898b1a6dc893d26c0f989eb8b865e89558fdd681e968fa461bbd156496803aff004c7b4d2923a6e9d9e294a969ac2916734cdd58292a491e1d57b1daf16b72c583b21456b2d7568761e10416055c6a312562098bf95f168cde5e9a5c5427c8811d7f4c4d4f31444321826febeb8c3ecd17ccb4e28aa65f2ad519749002086708c0022f0fa809e57bf2c4156ad4a8df88f2ff0008f111e573cedf4c1d9fe2f55aafecd5897571634d40b130ad1124a98b73f7c287e221cf76d77214a86d48de463dc106f6883d7cbe23128ed15ea274f904f724b0f0daf173737f3f86399e431aafc31498656569b3296b7a907e1e922fe7b1c3b94687a7b0a862f205c8d8192c2ffbb22d044d9356b050027f36abc0df96981e7b0df1c6ee2f991540f5b2f5a90d28c9516c0810952d602274b13cc8bc9d85a4da44691de23d273122a0d2c3ea773b016b9e63191b306302356806200d81160493b6f7c1346a168040246d3e2f28b133cfcafcf9ccf2a6b78efe5fb0369fa9c352692ac36003289046e49249f87fa1db18d92412cca4afee81cafcf7de04f9e3a158eaeed9489b8852c226c589163cff005eb1e66902409f8082a0004588b4024c5e7fd86306fcc968dd3c925eda7a0812790b924c6c3fc9c74c847c2d33214473f17302c2fccf4c1192a5f85acde49304415b91f04969b83239411be3aef490400aa40d81e64f95803bdf69e7c93d49ee36811778640010607e62768076befccefd71a560400b0c47e50402264c9079c81b9e871dd5750c0b93ae21846cbd4e9d964ed37b6314abf8869851623d6ded61d7d2305b1502c904ea3a5773a449e716527af2ebe589999a98890045db6e5659224b401076e58cefd699015c978d80b41b4b44786e63618952bb77875afd240dcd9a23efeb876fb0233bf7000226db5c98dceffdbd3111706c640324c30dbd44ccfde71ce6333b3221d53366d22634cb1e7e5338e2a9306a30f1b4008a481626048de644f3b0c15d40341f02851bac2a784e9b6916b6db927a6395aa80dd812a2d300d84166da0796dcb9602a8fa1157c66a1f169503516ddb4dc290001bfa9c6ebd52ad122225999802499824c5cdc7d31728bee5b0de139776b21d6cf2d2762b1a9421008db6127e2c0f4a43316881f093e1e51e104933bde3a0b605198d4c4820101b53052d7220440b1e5e28b19c7495204c160082a06f168926f6e64f31384e3b7992115eb016965246f048b733c85e37df109d5e7a80bef1311001881b8c0bc538c955d3a580411f108504f43ce4cc46338a67caa0900b902142c5d84cc0166f2106717ee969540e8e857604c15127a449b5c906fb621ab3a412b24fc521a7a09060d86df4c6a9d26d4699405ae5b58242898b817dc804fa75c14f4d895176636d2a2f616de3909f48eb8d1455a4d0945d0ba9e684d891a4585e6d31d245cd8f5c7198ad379f6e5bef10646fd7da3043f0fef237a637d4566fbc409bdae0f5f5c05591eb0234e9656f15880535052c26018bedbc8f2c6bee9397845a5843e7773a0e9bcb19004587ade31052cf35404c150a77ebbc9993f2c719947724495558d2a208277331b09dbce702f7f553531f8c48d8ec62ff00bbbe1ac6ba13b851a079dcf526f8cc2f5e3ac2c56fceff00db198df40b49ef15b27a1489924cfa6c3f4c2be2950e80bc861de6da431ff231e2fda2ed5d66ace691a3dd96f0310bae394f8bf4c7b48dcbe3e4a9b2ac9a8ec44e941b6e2e7a6f8494a83d0a8e2b4ad281dcf84831795682c09103689c73fe9af1c677a8b51b5304593e5a9c81b72d407b62f5c47249550ab09561cbf4e87cf034079a66724f9b21a85614da9b7e643e21bd8183b8f7c35ed305fd9d0b8a6cc8412e485658523c224127969f3db154ed1e533390ad5183128e3f0dc137806c7a38faefd406794cf50e2597346b801c5c13686120358ee27d0e3192524d3dacd524e3480f8467d4b686a6d53590aba5a7435c4bdcb45f903b41b58b0c856d50ca15d50fe5202ed70b0de96b7438ae713cb55cb3057694b69a8a07e25bc4235183fdb19410ab06151a39a03e1b8d4758024111b9e9be3cacb82b6add185d6ccb89cc52930ac82c42efa4f31236f113f113b73c11c433abe065a001265cd3e4ac22cb0674f4103cb9e2b942ba8a6529ccea9d6b040f724836c779c19aa23be5a7ded203c65924d38265ba0dade1b0eb338e586394a4d2ebd3eb91516d8e2be6005601bc4c62f2d3ce2000dec310e569110c010c6624156de22ec5a0c0dc1db02976a80b65d55352f780b2ee48047867c220c4791eb8ef8656a82a2d1ab4bf1569f8aa865d2c4c9263bb1a409507c51e1dbac2c4f4b7dbf3fafc4493698c4e616fa981b1bb0902e45ec201da3a7a622cb66ae0f85924c99804c4da3f4f6060e21caf0f71de43075aaba7c6469179636821be18316f3df1dd5ad4d0f73dd804418652501e4ca600246e60f289c428c76a76fe01108c81a74ddc8a80eb1a34badc13660b23da227f4eab0281f49d33b8527c4b3c80b1f422718387e628eafda5a95f41016ea00d401062c60d85f1b1932f523c4a749d27bc2248b85853d179f96d827719681b5bd00e795c05720db945e7acec379811cf1d53a8e124b0631766f0c02609206d331bf973c6b3dc19ebb05a8ef477f1503e1124428d5fa6989d8f2669d92cd35750ba5f20c14b2885672abe125824c8713637933be3a71f0ab22fbc871c57d40a857504ca3d81962be18107716e462f600fa90f274fbd2d5518982542a960352da5adccda7547ae1fd2e214573072ecf4daaea65002926d78f8489df9f2380731c669d33269e904c5f4800c813a676923d64638a4b2c36d0efd5503851ce67225557c71548dc116980609dcf3f6d8e37c223bc666570ca34972478c18920c5eea37da4609d6eef0156de9206fe80dc1f6df1057b8b862d37926034ee0080390e78cf1393f0a953f5afa44f2dcce2544d360510686996b020d80e424f9f418e68e73f0fb8d64066265624ff08b13bc7b8c739cc9b3855b98b0d81131e52547bde6e301ff00e0c699d4cc201123dc44f203fcb6348e49463a54bf4ddfa89b77b02f6bb8619a44230044b16982c6c0f8b998da22d82336d0248406db000f90b7291361b8c324caaa16da5883306209bebf30620de71ae2990a40ab1672ab4cc9024f780a95b45c46a11e98d5713174b994e2df213e4f89353aeadac168d4da8031246907724b44c5a207b4d92ce1766151e5b515d5a44469b0b2ef24837db68c57727c36baa9ab554f7953c5e3372db89e607ae19d3a82349275002fb49dfee71d57ade94cce336b98767b34b48419859bc9dfa4ed3798f4da302d4e24ac8a169eadbc5a89df71d2c630ab8b9d4a8a6a78754c5c81b4da77388e93e8bda2d37da4447af2c0b1463e6c77615df8a809404458cec7cb7c7598ad4d0a13a9495209049e7208e84100fcef80dd45362caccc0dd96369d888111789f3185f9aabde8d62616c3a0f2bee7d31a286adfa02d865538454267c57da746dcb9e330ad5840f17fed9face330ffbbdff00461b9f4af736db1e27db1ec1d5a5993dc1a428182bad8caf2209e77048f223177ff5b7375a9e4e977351e996ad0c518a92ba1cc1208313a705f04cc7ed193cbd50d33494349bea51a1a7add4e3da4df334a2add8ae0ab4096d61dd94ea6008882b0a3a8dcc8ebe58bde5731101b6c2ca14b4d58eaa6e3c889fd306e8c34c4c938d70aa75e9b53750cadfe023a11d71e2dda5e015328eda4d883a4afe61ce794f963dc72b53f29c07c738153cc5334ea20653ea08236208b83e7852560b63c0f26fdea12c0b15378fbdaf3cb05d1a8855658dfa01e1f7891737c5cf37d9ec9e56a91fb39566f849a8e4580ea62c66c714cad95cc65994e63bbeed9a040f8cc75885de4dc6d8e4c98ed84a3ab765872d964cd20280d3a94c220a88fe17d3b8659816bea030e78271e3a9d0225567b30680a56c0893bccff6c55b2b9b77154aaaad3a83bb3e11a40bfc3179f17c53d3cb1c1a2d977a432e6ad5a654eb2519ca3f4f02df61cf1cb383934e2f74352baae65e7b48d95a45aa061971e14d2124489b406d2019b900799b635c62b87a6c9548d30a352a816decd04fd4dbd709729c4295553433213410d534b290f4ed1a13c418dca0d2492092791c4699c0d49c061a36337240bf33007ae38f3a7b34da6f9d0e725d06991a8a3c3483e8330e42996e5a959acbbdc02040c3054257400b2a044998039b5afcf15da3c4ae153c08a206d7371bcf433618ef851a48cec8c75359b536a9bf3e7cc922797be38a69b6ef6faebb91a931bf1670fa74b54d4c092dd5444159f31688dfa4625a5c38d2d2dfb46a2a5b4dcf8b769d1f11f0ef3e7eb85798a451757fcd72623f2c03d4107cb7feedb2252937780b4e92bbc0830749ea2db12705a82f16ebcb994aaf7387cad4ac4d4a64ad3779408d68205f4b880b6b8be1be52b7765956ab2def4c3980dbc893606e600fec156e2eb12099885d2763ca6f02f030b327c19abc55ad5ea1612202e923cc31931ed8e679724ae52969f41defe1dceeae6156a9acd4d0d493e32a354f23ab91befbdf1df00a415ead415188adf9092c8b379516d3b0822e0017c419de15419c523a9aa9125a5a4011b9da7d77be09e25c36b6945a3a211a6081d239c08dff00c18b8f1128eca6d37dc5aa64872e94c1258a93f16a2a418fcc23e1277f2db03e68930561803621bdc10660fcf0b333c5d10b536a2e58fc4a149807ee3d2de780ab719a54140a5498c93bb73e7cc9e6702c5925bd6efd12afcc894d1624e20dac02864db54d8083f2e5f3c479bcd693ae09bc0001327fcdce1370bed7d3261e8b83cca89005fd08c09c478da3e610abb2d216d404125819620f4b473c6b0c13bd0e34b989493ea1f9acfd6672bb53223481e51e233f0f9ef1832853d21743060012198cdee40db69c29e2dc46a5106ac9a88440e626f0640900f9cef81133d643a4f766246af082d0601e47c8dfcb1a2c4e514eb615d162e2eea50b3b11a44f2df7dcf4c56b30bde297a1a8be990a4aaed7221a0b344f845f0d066952a0042bab03a9be22008047422e2d3f6c28ab904ef19d52a2d27301a441811e70012601236071a70b08c1abdbeb91757cc4596cceb2d52abe951036926e2c00dcdf0e7886574ea01182b49d3b92bbc5a64c7426fd70c780e472c198d33a981b8703c26c645a3a5f0166789835ea23c95a4cc75b5c059f85546f03f49c76ac9ae4d462d57e03863755221552f23bd4460000a41048e6a401223cf12e7323dd0a63c0c8641d2c090645a2c66d33845c4f3f5412532e184cad5d0e032d8837890446f86751b55382f040dc1bdeed7df7fb63a258f4c77468f4a26cad2ca95f1554532411a96d048e7e98de2ba9044b661d4f4827eb3ef8cc6ab1aafe49d2bb1eeffeb0e45b31c34322177a7511c2a824de69b586f1acfcb00f647871a792cb785d269cb210410fa9b558ed3631e78bde4aa4ea1d3ed8ca9924675a8c3532fc04fe59dc81c8f9e3b0424a3c3581ef0d8692a07524833ffb7eb890261c668c8c2f75c080194441f3c311564460038ca353148441c7b8326669b537060ec458a9eaa791c79be63246938ca66d16a26f4ddd641e523a79f4f438f5ed6230938ff0a4ae851c1eaac3753d41eb899c6f7438ca8f17e31926cb23162894cb586a258992400a044c7981e78efb279d6526b0a8c1059d8c1f0dc5949bec77f2c3de23944a751b2d9c50519652a0b6a00f95ec62dcbcf08b8cf0b142ba0cb82f4826a28819c93241e66d706fcf1c8e2bf109452f1239ce64b42f7b970e4b12cb4c804800cc145121099d8c606cb66eababa55a6d49588661e205cdf9110403d7ae19766f8d365aa307a61dc83f11d2cbb58c9b2ed63863dafe1cda16bf7c054aa41d31a8011b2b03040b5f9e33946e37d7bf621ab88bf85e4daab486540a214b8257cc00aad700c82445b0c72dc2d69216a8e09d8059b0b419b75f68f92ee1ca69d836b313aa34efbd8edfdb1dd2e204b9b8214def718f3b2464ed2e467690f7f680b4c694e82e7a00b31ec270565f554316f4ff0039e2afc43883290410a0cefbc79798fd308f315ab693525ca883a893d607d636c631e1a535ceac1cf73d2b80e41a8e65d8d25d26e189920da2072320fd7163cd6782a9d4d122249da6d37c79c7677b475348ef2ab32fef1bed36ebbc60cced635ada8b0991a4e99e9bed8e2cb8327bcf1be5d4de39128ec34cdf13a39753dd1351a4f88fe66e73fbd1005b0baaf6d1d68ab14b9372363d047a7db11d5ab44e8cb570f4df4885dcdec21f624c0bcee4e2d9c37294968ad10aac814060e03127996e449c3947163af7916dfc895aa5c9d153cdf6b69945a8e925bc23490090b3bf3001247b98c70784a662977c1341759511b0e47a6c04791c2ae39c332d5b36d472f512991e1eec9225c13ab4c82236813d70db87d2af4698a75661400a246dcee39016c74ca18f1453c6da7ce9f621a937e205c9700a911205b7def88735c1cd009a9d199891204006dccf51fae38e2bda1a895422400804837d53e7c8620cdf68e9e6184a95450643100cdba72b6358c7887527c991496c39c95234c10e011ce7a474368bf3c09c472e400e8ac68ceaa9a60c0b78c293f38e8315fcbf1a75aa5416eea2cb331fa620cdf1b24151280d9a0f2d8c81ef6c6b0e13229dfd7fb29345a7f6bd148351735110ead3624888d222207d7d70cf85f174ad458da982a415681cb94d88be285c238b3237822244c8dfcb9c7f9b61e65b3d5b335745c5ec101dbd8f96f1879b8694a5bef5c9fcbf93453636cb1a196ae80e769b28bb804c031e204dc18f9ec4ef855db5d0b9c72b950c900b378c779304890b00c88e7b7b61ce5fb0d55c961460983350c0102240de7ce31e8c996628055293cf4afda4e3d4c31ab8d51b46515b72292f40d7c903494d277a70149929cb78d43d80c55727d9ace332ebd0e0186019b547b2eff7c7ad0ca51533a64ff11fd36fa638a9c49544081e98e878d3e6129a7d0f3aff00edc745abff00528fa1be331766e36b3b8c6f0f4216b65bb215627cf07ef8434eb45c75187749a40c320eca605cc52c181f01f10ab68e784316e60c13d310a35f1d5732303a3df0c416b5ef8af76cbbea869a52d4446c9beaf38d8473f5c375b98eb865402a83fe4e27263f791d3744b479cb762f35557f11952772cd2d1f5c4997ec355a505730849376d0640dc099b8f962ef98ce0c0199cd58dfd3d719ae171a55bbfc449515ca5d90caa550f98a695cd4305d9621b6122608361eb18b5d3a34d1422a2855101401000b00072c21e259d9a4c67652c3c88b83ec40c13533d6c6f1a4a86ceb8bf0aa35548d2158ecea0020f5e87df1e3bc46a3e533256b0d6ca7e2000d4bb86f5f5da31eb9fb4138a276e7262a55a4f6f0cccf31623ebf738c33c31d39344497517d7e2f44152b4fbc2402493001311d7ae26ca70b6acbded6a8407b855f2b03d06d6b1c24cc523aae3ebb9c37e17c58d24d350164b911b8e76b891e58f27242a3fdbe6445a6f72c942a50a748513a128c44120033d4f33bdf7c56b399ba6b55929d61a06c4b0103d6d857da2e234ab1514c302bbea8bc8044007d70b68e5c3e91f9890263ac60c1c254754dbdfeaca94af62f0aca4a54016ab52064b6a3e1de12f020c1983cf107ff0055b5423bb5eea3f38f14ee608205bcbcb0165f835542512b784fb4f3f61d60e217a399a8c2853a0f509b6a5525445b7020c01d719c30426e978bb792f40b9740ec866f33443f7b468baab17ef5944b31960419b124ee7600f4c0599e2d9964ef43b853b54d328c458804c817116e9873c3ff00d3ccfd755470b4e9a900ad47f1699920859227fa74c7a4653b254e9ae89514ff00f2d56144ef636bfa63a1f0d34ed4136ff05faf57e85537d4f05cd52ad4c7ed0da5a4c3199bff0017d3e980a8e56ad77229536763f910126fe9b0c7d0f97ecae45011fb3a3026487961236f09b0f961b52ab4e98d28aaa3a28007c863d1c58e4978aafe43513c7bb2dfe9fe6d94bd6a25093016a1811d586e4f9461f9ff004a91ea7795f3017a2d24e43ccd8de7f2f3c5eaaf12039e16e6f8baf5c35822a4e5d46a290264bb07c3a95fb9ef0f5a8c581ffd3f0fd30ee9d6a74869455503928007c862bb5b8c1e42c30b5b3cef6596fe513f5dbeb8d5248aa2d999e2e00df0a333c7390c2fa5c2330fb8551fc464fc860da3d991ff00e4a85bc8587d37c500af37c658989bf4dcfc85f02ad2af57e1468ead618b751c851a63c28a31ce62b60a0b2aff00f8055e75141f4c661ab55338cc1403da55bc2b87d91cc0d1e98a670daf3496f7063fa61be5f35063a8c24ed0decc7f5333803355e703bd6c4352a6011df798d32f3c0daf12d1adcb008ca7561b1bcc66ad80f3ed0411d7103b4e1a038af5c9c0b533404ee4f4c6f326149c6704ca77b73b7df03015565ad546855306c63a7313d22d8d52398159856808634408bde41ebcb17dcb6440f845b10667242a6a575b75ebe87ae128b06c485542cf3c527b5b990196580bee717dcd702511f8d5749b44899f589c0c9d96c9cea7a5de1eb5096fa13188cb0d6b489ab4792e6b3c1dd52902ec772a3fcf3c39c9f66f3950002898eac34ffdd8f56a1429531094d107f0a81f6c6db358c970b1492b33d079c50ff4d2ab90d52aa2580312c6c23c8721cf0ff23fe9ee529e9d6f51c83206a81bc8daff005c586a67303be77ae3558e28bd21d95e1f97a70453591ccdcfccc9c344ce4401118abd4e2181ab7148dc81ea63149462a92a2922e6dc4075c095f8aa8e78a8ae7ddcc22bb9fe15b7ccc0c4d96e159aadf9453fe724fd047eb85a8aa19e678c74c2bccf198b1703ca6ff2df0e69767694015753b6e61885f908fae0da594a14ecb4907a0186ad88aad3356afc14ddbccf847d6ff4c1b43b3d5dbe265a63cae7e67fa0c593f6c5c45573f8ad2160343b37456ef2e7f88ce0c6d0821540f4c0b5b3b812a66706c2092e4cc18e78d2d468be15d6ae4d81c1f97f840c3036d5303566c739978c02cf38009e46330097f3c660185709d9bd461a2fc43198cc44073e61c71b5c66330c9217e78e137c66330d01c67b61fcdfa6213b63319810093b44c40a401b1aaa08ea3a1ea30f7b1fff002c7afeb8cc6625f31f42e716c5738bd5615a980c4026e01df1bc662a7c821ccce267c27d57fee1881b198cc0220a8701d538cc66130057388ce331984300e24e40b123d30e7b3f96420314527ac09f9e358cc4ff0090df22d94940160062506eded8cc663424e17e2f6c2fcc6e71bc661a0066c4153198cc000cf88df1ac660023a62f8669b63319800033b80db6c6633000236f8cc66330867fffd9),
(3, 'jay@', 'jas Parking Lot', '34/78  kalina marg near hp hotel', '56565656', '8am-10pm', 25, 56, 19.059984, 72.889999, NULL),
(4, 'jabba@', 'jabba', 'jab', '5', '', 25, 25, 19.151850, 72.937088, NULL);
INSERT INTO `manager_park_lot` (`pid`, `emailid`, `name`, `address`, `office_no`, `titming`, `occupancy_car`, `occupancy_bike`, `latitude`, `longitude`, `image`) VALUES
(5, 'pawan@', 'pawan parking', 'mumbai', '45979', '', 12, 25, 19.113646, 72.869736, 0xffd8ffe000104a46494600010100000100010000ffdb0043000201010101010201010102020202020403020202020504040304060506060605060606070908060709070606080b08090a0a0a0a0a06080b0c0b0a0c090a0a0affdb004301020202020202050303050a0706070a0a0a0a0a0a0a0a0a0a0a0a0a0a0a0a0a0a0a0a0a0a0a0a0a0a0a0a0a0a0a0a0a0a0a0a0a0a0a0a0a0a0a0a0a0a0a0a0a0affc0001108010700bc03012200021101031101ffc4001e0000020202030101000000000000000000060705080304000209010affc400451000010303030203060404040306070100010203040506110007211231081341142251617181093291a1152342c1335262b11672d10a172482e1f018192592a2a3b2f1ffc4001b01000203010101000000000000000000000304020506010007ffc4002411000300020203010003010101000000000001020311042112133105144151152242ffda000c03010002110311003f00f331d63c974871949c7f51f4d7df3a3a121e585253f1c6a42a505297cb4957bb81d415ebafb21861e8410a6ba4247384e4fe8359858d3346b3b35d8950d4406c0709ec40d6c329614036f4741512010ae01d62a49a6b4e86d4be147820024fe9cea42497d4f12cc74809c10b523803efc7efaf3c32913599b350088fb9d02324118c107dde73ea7e9aed21b6e4c54b2df4005c0919584f51cf18c9e7edab17e0cfc34ed06edd9170de3ba95ca83663a511298dc248092fe0fbe727f28ce78c9e3b69ff00e1576cbc2a6c1dc0f5d13a80bafd4e3367aa7d70a5d69958cf2d34a4f48e38c9d2ee121cc754d1e7f32db50db536a594a91c2c949f74fc0eba4d5b4da1212e95a949ca863d3563bc6f5f1b23bedbe72ebf0ef9b4edb4f9096e538a5a194e338cf96d8fcdf6d2a29147f0894a9dec4f6fdbd5c0dfbaa551a88a2167d4075d5200faea5389d7c0393354be815a3ca5b2c2168405a8107a3ac700f193cf1a91a5c776a35b2cc686ead4aec1a6d4a078f4c0e74f0b0e83e1f2a919126d3db07ea2f03d0245c1555b80a3d0f96d74e0fcbabf5eda21bb5aabd0e9fed76ad12914b4b230dae3531bf3107b7baa585abd7e3a27f1f6805733c57625d9d92dc1ae03320da7392ca48264adbf2d09e47752f007c39f8eac0f837f08c9bb6bb36a37feead996bc2a6c32e29158b8a321d92afe94b63a89249c0f4d2e21d8b755fe5536ff00be2a32d4904a12eca714109f902a207db1a57de5fc2ac6ba951e955144b5a4e1bca127a7ef8cfefa6b060d15d9f3bc8cb85bfbe026c7b8acca544b2776acb9464adc5d427aabaa5203aa570d9506fa70073dfd3d755d9bf02db89b6f78adf76fdb3e4c56080d3b02bad2db58cffaba4fedad69fe30f71625811f6fe7ee5a6151622bcc14c43682952cf1927193a5d557c4cdbfe714b3582e271ef853a402af8f7d58e38d08df64f6ebec25ef4faf3928d5a85214fb814d88d5c8c4f49e31f9f83a0aa96c56eb5471223d012ea12a29ea6a5b4b04e3fd2a3a88aeefed3aaffca262ad4147051eef1e9df20ea1e9f7fb95173ca44f537efe423ab2927e9c0fdb464d6c169930bf0f5bf72e33ce53f6b2acf841190c47eb2791d80efa8f4ec36f5b6a299fb635c6d4950042a9ce719207c35254fdd2bea8d2548a6dc7263923bb4ef48c7cb0358e5ee9df93d6b96f5c73471f99528904fcf537f024a7a1fbf859ecd5e90bc6f58f53bb2d49f4d8115e5bcf4e9d194d34d80858e54ae064e319f8ebf417b615bb1e6d49cb96b374534b6ca4b71cae737ef04ab19fcdf3d7e5ea93ba577c37bdae35d135a710df4b6e37254143d4fefa216bc4a6ed47425a62fdaaa5094f48027ac60773ebdf3a0e9878e8fd5dd1f766cbac4b6e2c7b8a029b6ce0744c47fb1393f61adebc2e4a4b544764b5528c4608ca5e49c0f89c1d7e5228fe2837b9b0b542dc5ab04fafb44d5bbfa67b6ac0f83cdc0de9de9bac51ea5bc558a741693fcf763be7aca4820e0e783af2fa49b5a3d7cde8acb53db7677529490544ff002d58e0f6ce3193e9aa0b78d41a1754f69de9ea6e4a907dd3e87e9ab1765c3aad8766ae8aadc4b8ae4892825c126b75312c0012082da9290123900f279e3e7af3a3c4878d287b57bb753b4fd95c92a4385c5b8d949c12b50c1c91f007e8469b86b40368a8af55ab0cb9e454a3142d20f5a1c052a4e0e3041f5d6f52a7a2acc73849ec7a57c8d7a35e2ebc025937e53655e14b8ccc1929755896cb2101c49e1391f523b675416ffd9ebb766ebffc2eb94b5796a41f2a636d12db83e2158f87c7591c7cd55d1a28e3f464b72e5b16d442175db4a75666295d296d153f676023d32020951d15d89baf6d5c1742a9344da8a341752b030eb2b92b3ff99440fdb4aa94978ca4ac249c7bc0e7b81cf1a62ec2d31a9dbcb05b8cfa50ec86f25a09fcc40c1ff7d30ef6ba0572a2924589b36e6afd3a441a044a7b2cc6285b927d95a0d3695f3e83bf1c73f1d66bad815b8350699a9a993e4ad496d0e63a8804f3a13dcaaa4cb693e5a24965f52884f49f427d7f4d07d1ee2a9bb5348a8ce5a9b75602fde3dbd74955ff00eb4cb0c0b7252adc672a112f3ab4793296b5a66aca56424e4e4fc539c635a56c54eabfc418753214a641e12a2a23abe5c0c7e9ab4d4bf01f54f129e299db16d1ae43a353a44233e7d5aa014598cd7383800e5455818e073df429e24bc17c8f0e1772e3502fc8574d37a4ff00f5188c14292a07042924e00cf6c674ee0a97d6c0678eb6397c1e5f90a0d1de6eb69652b524743ab3db1cf1fa688f75b7d29d21f729f4e5b4f242bf3a55c6aaedaf7b4d4456a890561200e5495634610dd6588e1fa8482fa900291d43183fdf56110b4526669b0b6adbb171426151975271869f68a4e08047d355f775371c50a5391e99525bef3849f356e64839d156e3aa554d85cb4544a15d1c23ab031f2d212bd0263b515a9e51593c824e8f12b407e9af52bb6bb5690572ea8e2944fa9e06b07b74f713d065120f7e35f5ba2bea055e51faeb61aa704a0928391f11a24d4a445e2ad7c35d991219f7fcf5e47c3bea4605cb5069d486e42fa87e5e31ad24c72b7ca0fba13df3ad6944363a9b74039e0eb8983535bf834ad7bed72a2b71aaed10ace3cc18c68b931a1ca8a1512475613923d15a49d0aaae971087ddea00f6f4d32ecfaab6f21284bdee2070077d71debe93f8c99115c8a82e16c609e31af89525f1d0b6c84e792068b2d5dafbceff00a799d6bd064cc8ea5f407194756143b82072344703c2def1a0ad4e5853c25182145bfcdf41df5ef66c96d019480638408e93c9c648d58ef0fb553636d3ddf74ae175b8d519e5b2b6d78e420fcc69690b64f705b908a6bf69ce6d455ef15c550031c9e48c0eda26dd1bbe9db3bb0b5cb2eb94e71ba856220629be621412e12b4f564fc3a7ab5d5f4f3f80df847f1edbafb1b5ef6955c3227531d8e5a95499d254b642084e7a0127a482323e38f4d56bf103bc55adcede2af5ed1da0844d9cb525055f9523848ffed03ef9d13d8d68b95ab5aa15b82ae85c70a51673c6027e3f6d2766490a96eb8b48054e12428f39cfcb4cc7c007b62dd53786efb463da532b6a874e4a5256f4825c7dcc107d4009edf1d05eebd896cbf6bc9b7eb55454c0a688ea9181d3f43e9ceb25bf7f6e46e206a9165db5509f2567a0478cd29649f901e9a87bf76eb7f68508dcf786df562152a33e1b9f29f8e5086c90700a943e381dbb91ac2e18bf25d1accd9223fb2935e749956bdc92296a8abf2db59434559c7467839eda29d89ba9bb73756915d94e210d30f2fa9590720f207ed8d592a45a7b1f7a5024489b63b336a46406952243a729477c8c1c7cbb68595f87dd56fdb8a6dd74fac46b66d88ed7f225ad69538b707f4b6d920a89381c918ce7d356b12f5d9579b3c6fa677df4acdbf793cd5c10d63a9b03a8359f9f7fd74214a6d12184ca6d194b7c807e5f1d7597e153732d1a82aa132e096ed1d32d4d459d218f2c3c470780a50f5cfdb586f57ea3b5c0d3a7b6979971a243c8e42b8f4d032e27e5bd0e71792bc7e86368dd55b8312a92ad3981b9ee450d86d270a79190423e80e0fdb55f7c40ee0dd8d5425526ee8e62b88e901950c1e472753b41dd34c2aea66c5529a5248ca8823048e3431e30ee755e948895b5470a7d4f84bcf2123de48181fbea7c59a57da3b9b34b96b62b2937944a64a0e466d3ee7620f24e881add175d054b56474f034a88b28372d4d707a7bea520bceca70331d392ae31f6d5cca697653d26d87316655ef6a8262c70a5e1432803208274f1da4f03951dc24a573e229b0be41535818c67515e0e766115cb8d97e7640e0a8f71d8ebd1ab0edba45bb0588d123b790909ea2707b6aab95cef4d78a65971f869ceda29bd67f0e3a353a3069a8eef59182433c67eba80ae7e1c6b7294a55362beb780e3a52719cfd35e93391a9eec24f506d7c7200ceb55b14a84daf21238ec12348ffd372fb638b852cf1f6f4f051b9d69cb58956e49f2c1385f41231fa6816a5e1e6e68d94c882e3647f9d247f6d7af7b9f368d5361d8ccc06d014304900e79cfdb481dc4db3a0d5e37bc0214a572a4247c7535fb2b673fe74ff879bd55dbba9dbe952de57494f3d241ff00a6b0502b1229f214cb4e1e46704e3eff005d5a2de4da234f65eea8816da119eb1dfbeab05c94b6a9170f4f9640f41f7d58f1b973c8fecaee4f17d6fe0f6f0dfe26efad874cdaad9b530912da0644692c25d4ac839cf4ab201d3295f8beef43c15e5d028081f95495515a5671ebd86355adeaa53d71a2cea630843896c25d483dfd0ea52836751af24bbd4e7b3ba5396fa123bf7d3f2bb117090fbffe6d1bb2fb01b66d1b754e73d6e7f0c4248fd06919be5e22b71fc4157856af8a915b6c8c4686d2021a689e090077e34135db6a5d227aa3bad8ea42c85a93ea3d35f643c20531529c6f2128e303e3c68f3dbe81d3d232d4b7425dbf692ed1a3ba521f3ff88701c150c838d02a169502af233939c939d6b07de9f255d78c159cea5188e5b6824a0e9a84d2176d23dffb936b369fc2a5029b77d3b72ea1292a773321a67a52e9463941481c1fa681773bc5df878de0f0fb72d854c8f5c6aaefadb5538b8a0e21942543a924e79246793a77dd1b6d76dc4a76922a3327b8f472d341347770b5918ea2549501fbe91533f0e6dc2b32f45562b2cc36d9980171a323a14ae72782011fa7fd759f89c6bfa1bacb75db6206d5da6b82d3a5a6e1690f9439d1e52549e17c673f6d30ec2b2efedc6a444a54fbda9d47a63f512873daa107e428fc529c8e9d5f0dacf0c9b4922cea7d2ef9b6a1346245254b1532a5295fd240e9d0acbb336aad6de5a4d9b64eded35c76a2f102a72dd3961412a3d7823a4600f8f3a2285b16a6e9e855f89cf0f53289e1a689488374c79e8a3ba8521e6699e5a9f52880a27de273839ede9a40dc9e15ee5dc7a62edfa15826baebf4aeb48e9e90c9efd455c018c67bf3db93c69bde232d9debb63c4d8dbfa46f2b97051e67fe25b61c8c3cb6f9c16fddc818f4e7d34e5b462dd8dc62dde3b7f45aba92cf90c3720bc80d200e085345049cfc75cb84fe048aac7f19e6a6e87800a8d8367a6e6ff8f610a806c05d1111cf5858e0a42b9c63bf3df1aaebbb76c55adca422955e536b5e329c2c2b9f81f81d7af375f870dd0bd23d468ad5b347a4d3909325844271e716b513909529c272338e3549bc797845dc5b17662a57fde0ba313064a5c49a5a149560a929e956523279fa6bb8a3c5a630b2bb5d9e6fc94b512a6bea6707acf571a25b544279d475361241ee78d0dd45a325ff003dd59eb57bca4ffa7d352b692cc99e22b4dad4a1823034d5dccc6f6171a754b45d4f07f508519e052ae9c848041ed8d5c7a2d7d09843a1c0a56329e7e5aa53e14edaaa53d96a64c614942ce403dfb1d5aab5dba9cd506d868f4600ebd63f9d93cf3368d26085eb0de9d7cce69c2ca81e9f5275a973dd92cb7965cfcc3b83ad8a7da125484f9fc750e4a8eb56eaa1c3a7c42df582ae9e79d565d31cc70805aedcaf2d24adcc919efa0aabd51a9cda5d5b84615ca0faea5ae257b3482951ea049edc8d424aa7392879822aba472158d0d53d8571d0bedd5299ed38d2c612a6c81aaa5ba366211515ce69214a00848d5a7dcd893941c688ec9e0a755f6fb8af2d6a4aca804ab927ebabefcabdd951fa109cf425d9aabf4c2b61ee0a4f0353f6557aae670951944360e48cfcb50d7fb31a3d4d2db4d9f7b39206b6ec9ab2a9880a535900f63ebad6e35b3377d3ec23ab3ae5525fb6b88ca96ac956783a15dc4ac330e3269d1893d43df0353d735e14e80c2e43470a7123a5a481ee9ce96b529cba9cf54874a8a49e33a671c0be4a472074247511ce739d4aa2a1d481c8e063514c14f50e0e31ceb2a5208ca5ce34c78d0a5d4ecfd55c2f1c370b4928729a840570928e9047db1a1cb8b75f6d3716519d7ed9fedb2947dc7c495a168fa14a811a4cd9758b6aff00a8b149a55d14d4485a886cc89cdb49ec4f2a510071f1d1b5e9b35775890d33ea2f536530b48525da754da786091ea93f3d627f9168befe2a7fd0630aa7e199523caaa5af35494a002d39507ca0ff00fb3fb68829559f08b499a9a8dbbb69058909460bcf971c503db20a967e274811564249689e41c28e73acacd4dc4125c25215d828e33a92e5dec83e1f5f0b01319f0a370541354956c3519f49010fc67cb6a03b9e7071cea52359fe1e24482615ef598e1c1d84c6dc0938f82860fe9aae0d3d3673a588acade5001452d82aff0061ac8254f8ab0b90a284a8f48ce783f0d11726d83fe116861ed0ec94969446f6d61b2ea0851508e7a4633d8235443f19f46d66d46dcb76adbbb813ae072bec943b164b2c84a1207f89eea073c67b8edf6d3324562a686d6c994a4f5a4a72547001e3e5aa61e233f86ee0eeccff00f8a1f4b94ea6309650878aba544827b9271db538e5eba61b1705b7d1e61de34a6a935276334da958e1b23d51f1d303c33edcaae8a9aa67b38584f05473c7eda91df0da8874fbbe51a3381515d7d4b6036acf48ff002fd34fef073b49e5596d4830d4d38e2b9574f7d7391ce4f1e9167838be3f50d6da5b6a9b6bd1fda2a6e252865b04070e35d6e2f1af4bb2670a747b7584c664901efeafaea137caa95eb3e92dc78340764858e9cb409e47c46aab5f3745f770353247fc2ee0661fbd250a460a467bfc754a92bb6cb09dcae8ba743fc41ac2aa9426a35065820e3e9fbe89a4ef9db17b4643d48a834f8713eea90aefaf342da5546e4f39e856f2d6c21397642547a47a6071df477b7776d7ed72d45a4d4df5212be5b52c9e9d0f260e8363b68ba136ad4e54e4b4b212a2ace7beb76af5ba5d3e95d6e363de4f054319e749bb52eaa856e1a2a0fb854a6f827904687778b7ce4c66bf87c392af31a4e000ac8d2f182a9f483d64d20d7702e8a098c5b4f4071439c9d222f1a346af4e57f0f9682b24e1a2ac6740b725fb77dc52561cab86ce7dcea73a477edac344837f352912db5875614148525cea04fdb57fc3c1ead14bcbc8805dd4872e917198729ac290ef4900f6c8ce7e9a86a94a9119a4a23af194f38d3377928159dc1dc3872a2d1d944d950d21c8ed0c0ea48c1393a5add146ab50eaef526a91bcb7d9574a904e71fa6b4dc75b33d9be90d31f7e4a07b4152949f5d628a0297e5ad2403dc9d65794ea0fbc8cfd35c8cda9d2738fa7aeac625212c8d1d54ea9a5f4b6d93df0359632667943a9849d760d9ebf2d38c9edadd69a712800e74514b3d3d914db9224913e934b75938e12d9c81f63c6a699bff77a25302623efa52c8e15e62b23d3d3b7e9a0aa56f82a424a43fee8fcd9c675270b7a1b75185282527b80473f5d5164fcb866bf1d4938c6f6ee9c0095997252a51f52543ef9d4b44f10db964012aaea571f95c4684c6ebd2a48287a30e9ff003120e85ef7deba5539b5aa2c76bdd4fc06755f97f33c7e05da63ded2f1c3bbbb67e7aadeaec763dadaf29c4bd0db7339e0fe7c8f5f8694de2eff00119dfaf369f19dbb22352e1320b2e43831db0a47f95694a4857d4eabd5e7bd352b8a6f9311e4a0039e9f9674b3bf6a53aacc3af489195824752b9247dfb694fe2d4b5a3de290ef81f8b3f8998ee065faec391d452121d80d609ce067a520f7c76d34ae5baabfbc1b4341dc1aa7931a6d7586654c4b49e9480af77b7c79d79eb21c763ba3adfefeee738c73df3abf9e0aef6a35ebe11e8adc9b77db67d12a2ec525d7320b4164a411ff002e3f4d73371aa56da09c56bd84056fc34c414e33dfac1716e60b48e33c91cfd34f4d8bb558a1dbf1e991028f94d80b200efa1a9e8703ce3e8461871594b4538e8ff48f968cb672a71a13cb6643a94f573cabb6aab2d3f8cb5533b0d6a9b58c5c34952e4c52b50ca9383823ef8d565de5daf9f40a9c8950e0870a8282d2a1f981e3078e78d5d6a5d5e9c2985b2f824a4631a586efd9745b93a9f4490d3a071d07bea12d208a1328b8a0d65b69ca2d2290886d2ff321a47079f5d4f59fb2b299f2de9d15485ad79c84f7d39156651283583d1083cb031959f5d19d9b6d46ae496f11924214338fe9d79db68f295b2376e7685a160ce4bb05297436a2da929f96a8a6e72ea91f71e5d2a5bcb2532d48183818c9f5d7ad96dd8a962ce9ca7501b4a5a51071f2d7981e206db686eb4ff2bdc0662fa567ea746c0f488644f607de3b6b49973619a4d554cc55212a94b79bea585fae307b7a7df5850b45a972221db6b71c8a9c12b5288ea3ebc68f2956854c5390853254a29e16a1918d7c676de507c3ab825441e0e356119548866c0ac8cbee4aad66235e0e252152a9dd4d7527383d4355fae9afcab8eaced525ba0b8f2b3d493dfea35623c59511743da8a0ca4056149530b2af8e7381aad0e61b47f87d86303beb43c0af38d99ce6478d6918c27dec12a51f86beb6da9b3d6060eba2d78f7d27f4d7c595a51e605927d06ae21348acb4f66ca59f782d4707e23d35b11892d64b8aefad14bcfba9c631f5d484053488e12b5739f4d485ed32c944bae784f98d3eacf563a35b66f79ccba0aa424271f973ce84da9c1d8a971a1c2f9c8f4d622ffbd97813f02750f166831e40be55f1348cb538ff00ca0f7d0d5d77bd416d2db70120a4e55ebad194f29b21681c63b83a82b82a12127a94029241e07d34be4c7b432b223ed2aaf25daa25c5bc3f2e71adab98a1e84b525601fcc7275a144436fc94611ef29bf77a413cfdb59ee1872154679684ace414029413d2af81c038d57be3edfc3af2a4be8b6ab3e997295192a3d239594fc33e9a687867f14f7278795cba640422653a7ba1c7a328e42563818fb7fefd74baa75a559a9ce452e0d2a43d21f5042596d952d6b24f180013cf6d5c3f063f81678c2f14b25bb82eab61cb12d2490e3d5bb8e316145b1ca836d28752958f88039ce78d355c48c98c49735e3be8d4a2f8bcab6ec5e703a5b0d420e04a9b4a00009046090483ce3d74e17eebff0086ea5e7a53d0720919f4c6a1fc71f84bf0ebe04e9d4d4ed651ebf74d429b292cd52e8aa480889197f065b49092b5024639e0e7231a82ad565551a5b521b9495f98c21448e79201c7db598e771662ba2f785c9f6cf6c6a47f126fa59f29b9084f4a71c9c1d43577c403b33a9e726b6129ef957cfe5a4156ea53a3485842d6a19fe91ad58b578ec9f36649293dc851d567a8b38be873b37e3f72cc5c8a6a7a949f539e7563b64e8966b96847aed52b2234fc82eb0a5000eaa8ed35f96c29b294470559c75a88e0fd350dbc17e862aae04d4a7b2d9c0e98f2d481dfbe06bde964b68f46abf7adaf0ac09221561852434438a0b1c678ff0073af34b7de811aa977cbabb0e603520ad19feae75963f8bb6addb48500cd724868705f592a573ebce95954df476ebab3fd5d01a70f707b68b189a40eefb1e9b5bec352a6a1b5a03c427b2f1c6a62e0a6c26386d808230783f3d2af6ceed34f579b0e47520a4750ce8eaa5584d6c190c3b80e27a47bdc8f99f968ab1dd3d6805dc7fa0278a49f6f5476653489cf24bd1a4f9b08e7baca803fb13aa8de69f33a9efcdd3d271db4d1f1157bb95fb88d01a969f65a6ba51ee2bf32bd7eda5705b0fb8a001007e5c8d6aff3a3c712d998e6dcbcadece8a4249f708c1ee0eb13deff00ba93803beb3fb3ff0033a9278f9eb0f428aca00c93f0d5b15b4d37d1f58e904254b3ad8429a48203bebf1d6b86d48582b4e47aeb33696d40909f5d785efe8e1b46baa994a6f29e00c67526eca483d2b239d02585535fb3fb1b4e02a3db9d13d3932e6b9d2d34e3ab39012da4939271803d4e4fa68bad8ec66491ba5e0e2d485ab0523f277e3e3c6a22a71df7cf4328f309e10941c939e071e9f7d5f1f017f80cf8bef1a0fc6baaad495d97673a84a9558acc62972427b9f2d04649eddf035eb57873fc01fc19f874760d429b6a22f4b8e174a9faedd5871b4280c652d246383e873a83996be82c9cc70fa3c39f06df85378cff0015d3a31db7d93ab269cf748556ea0c9623201fea0a577c7cb5e996c4ff00d95eb3e352569f121ba89a84a70a4ae0dbfd48691d89eb73839f4e01d7a915d9b6d6c9d9288d735d1eceda87971a353e1a58692381d2db69e1231ea4eaaaee7f88bdfa6ee476a3b3db8531da636148551dc8e809e9c1ec7b9d4161427939f6fe1f769bf0f3f005e059b717b43b17459d73b6c747f18a8a7da151d58c758538080793e9aaebf8c678ddbc3c3f6c4aae5b33ca7a64da8b111014905beb5254a2950e411d2857181dc69e3696f15e75c84fb358b7601a8cf694dadc9b21788fd4082a09e9f7958ce338e71af3b7f1699b3af3d90ab58f71d410e4da3d4987d6e33c79ca4294338f4f717ae5a999d2218b35dd2d9e7f6fbf8badeff18f3a8d656e254630a75324799162c3848613d6a04296a081cab1948e7b1d3250f1b7e99169cf7514f964052bbf618fd81d226d2a545a5ce6658594ba402547ba7e1a7954253359b723bcd2c2d696800a3ea7d7597e776f46bf809a8d917367450f0c918733df43559a43b55a8866364e4fc78d677e5b921ff25fc24a0feba90a3a1e65e0ead92467827555e291738ed9f2c872f2b7aeb8d4f34a8ec4771c090fb89ea48cf00918d35ab3b157f5e315bac46a133506643aa6d0b8eb03247a8e3b686e0dc10e1adb7de8e160e3fc54e718d1dd9bbd89b460b2c5b35f6d212a2a54390d75a3a89f867e1af24d876d094bebc2fdc705b952645a5259f6727ce5f2427e7db4acafedac1b4e2b2a9b2151dc93ef3615fd433ab65b95e212ef8f49a84312e9ea15360a17e446c119f864eab65429d32f1aa3322b6fadf1111d0c858c7afc34d63c7b5d09e5b6be90d674baed1aa1ec4e3ea534bfcb8f5e347374de526ccb59ca93b2836a75b288e0ab9248ef8f87a6a77667652b3b917743b6e8904bb2a53c94b208cf97cf7501938fa03c6af4efc7fd9e97371ac1a6572cede85c5abb54e4f990a5c30a8aa70e14a01432afd40d5a71b892f4d947cae6786d6cf196b53255424395098d90a71c2a2403ef127b9d6929e4147f85ef7a63567bc46fe137e32bc3c2df9b5cdab76a94d6092ba950c890808ce029410a2539247a7aeab8cfb7eab4d78c59b4e759741c043ad949ce718c11df5798b0f82e8a4c99d59a012e64009ee35f181ef124e08d6cb51a6a028adae52ac11f03ae8ec573a14b436723bf1a378d01f6185494907a14ae7be75da3a1651909f5d7786c97bf96b491f33a9088d21b6ba3a7383df5ed30756db32d9ee3cc55db610d3c4bab4a12d841ea5289c003e79d7e85bf038fc14ec5b5e814cf10be29eca454abb261372a95419e9ea6e0a1432db8a491cac839c6aa97e0e3f826d16faf13f02f7de4b8a154e956779755a853a3b3d4ca9c464b692a38ea1e6741c0cfcf1af7c6cb2c5b763546e86190ca4a9c2ca7a700241c23e981c0038c6bd16ea7a39972783d2325c777fb3dc31ac7b76334db48e9474b4901291e89481c271a92beef3a66dddaae5424b8d193d3d31db5800adcf4fa8f5cfcb4bfd8ba7aee9bb2a175cd905d0d2b8e7dd2b50208fd09d76bf26c3957348a95c7152b0cfb8da5f20a5b403db1fbe7be8f3893ad210bccda115beb6ceea5f94917256a54ba9c796492a664f4fb2abd0048ec9f87afcb5586f1b077dad496fc6a4cd92b8ae3654c49ebf79b3f3fa6ac1788ef13946dbc8cb7b6d1e6aa4e2564498a83eea7d0e07c8127eda40d73c653558a7a2a31e869792b494cc6caff00c23f4cfc71a338490056f62ea2f889dc3b25f36a5f508c8ab4325c44a58c2e423d3e581aadbe2eeea91bcedd75f7e2861c9915454da7d5494e47ee06ac25f3bbb695cb5c6fda692c125215ed2b4f3ff2e7e1a14de2daeb26eedaf937a59ada5ca830a25d6e3a8105391d5fb67496595a1bc354a91e57374f9318ad0fa495a474a81f4c7a7d74c5b0ea2fc8b67d9060797f93a8f3ac1ba9693d6cdd2fc5447e94bcb2ea723b13dc6a3acb9ab8f25c8eeab03d13f1d65399d5bd9b7e05ef123edc2c9f692b6d785039c8d4b5915a44a5a19a8b8074ab002bd75a15a4a92e1574e49ec3512e3aea72fb2424a3e079d5632e23a438dda3d325b6528283ee7041d2fefbb4ae2a61f6ba14c21014091f7d0b3bb9b735219520384803be75a0bde8ab3c0352d4a3ce08f4d4e17475e4d7d0959a9d49c64375974aca4773acd4f2a9cf86a1464acf50c04e41cfa76d0c41ae49abbbe636c9c1e55a6df879894355c61ba874150710a5038f779f5ceac78d8f7f0a8e7721c261ef85dba2f5dacbf199b2ed43ecb299f2e43e59f7db073ef2540e471abdf63db9e20a8488f746d4dfc2ad469eaf3bcb90fadd2de472920f29c7f6d536dcdddeb4ed192b8d4d21c7d0ac128c63b7a6be6d778e2de3db9b8a348b3647911ce0bd1c82e25e4f3918ec38d5de0848cc7232bc9d9eac6d36ecc1a7c7117762902515a7a5f4a9c4b6950c7206138fd469a54eda1fc2db7da9468578ed3598f3ee643b1dfa7b41c39e79527927e7aa2db69bf91fc495bf8910842a8ad412e042ba5393c0383f3d1bd33c1d6e944a9a2af4cba3d98148574b4e656a3df3c7a635630d0879342b7f17ff00c01f62645b28de8f0054861896c36afe2569432a5a5c48c656d28f214012704720606bc51af583796de5764dab7f5ad3a9735971495c69f194dac60e324119c6bf4e3b40ed76d17998379d624cc432b042dc574f23eba1af1fff0087b785ff001ed64b90e642874ebcd9654ed1ee18212979e748e1b7703de4f71f2ce7447f0e79b3f31f2c2d894a42538c2b07231adf82d02c657df3a31f129b117e6c36ebd636b6fb80e3353a1cd5c792db8304804f4abe608eda1ba6d3de722a55ecca57fca471c76efa82ece3caa7e9fab2f0b1b9d44db2f0630378aeeb629342aadf080ec3a2d2622591198c7f2c74fe63c77c9f5f5d4e5f3e35adfb82cc6ecfb6637b295b6df5bef1c0c81cf0339cabf63a4ac4b52f4af5359a4c186e4a6e200dc70075210d80404a4f64e0206a3ebfb29b86c465c86e84e79c93d4df49ec3e98d778f0bc110e4db591ec33b77c675f1b4711fa2c28711c65f981d5ba147ab18e7b8d0d6e2f8f66378dc7acd86db7489801095ad613ed0aef8ce7e5a506e9c1bb63d3ff008854696fb6591d2f908fca72064e348fbdab2d990d4c8721a4c86141c6cbad8c2882383ab1885a13f263da1ededf3702a535526d711a20a9e7149397067b827bea25ada5b0adf8d2e138125a96823cd5b98cabe1f5d6d6dffe20361dd3630b32fd90cc4ae53d82db4d253cbe40e002718edaabdbe1b89b8f725d2a8706a12a3c3f30ba98ec83c1cf19c6a369ec94a7b19f3f68ed5995534d6ea2ea1a6f2074af2749abba93b99b2d7b5468f48a84a7adf9e83e4ac1c804f041ff00d33aef26f0dc6b422c3ac17e5a52f2b1e63ad652a23ebacb0f7a6b772d41d8f793ec7b2b63a9a0a6c642bd7eda53242d0dc09ddf8dbe76bb415d51105424a085a15d382538e4eab734b951e5142b208591d43e59d7a31b9a8b2afdda48977db2e455391d45895d0b0091dbb7aea89ef5590edb170aea91d05b8b2095607f4fd3541cde2ab4e91a4fcbe47ff2d90f1ea2f3e801f52094f627beb0c96d04663281eaefa8f8725fc8421208527201ee75b8cbce25a086d29073cf56b3b9234cd3e3a6e4d099190e2145d40c0efc6bbd2ed08b51505b6ca5673f0d6f4a652b5792e0ee3923b6b6e84a4d2e3a82d48295fa1511af4fc3966f43a2c2b7e2992f36381909007a6be785a9350bcefeaf25b23a1c79288e3ff30c0c7d743f79ddee35056d47700e94f6ce73a25f020811ebd54afcb4ad2132d1c27b0e41e356dc34f68a4fd16bc0b4b1fc0dd6af08cbadd62e4623bc84059827f3b99e38e3e79fb6b595b756d6cec9312be1864a1b072b392ae7451ba7be174c6990e4d96ca5a8e5a4a5eca32e39e9dc671a08be76faecdcd2dd527aa4171ee50a78e00f5f9eaf2524506993147f13d6b5b1203f6e9538eb47dfe81d207efce9c765fe24fb80d34cc2a382db61a03ce713d5d5fa9d57fb33c29371caa65c15775e513ef25a46123e5f1d352d8db2db6b41b6e64c6da484200fe7be309fb1d7bd9a7d82ac6db1cd13c4b5ff00bab153d52654952470a6474004fcbd746db7f7f5ef65dd1467eb126434d3af0424bcace720823bf7c1d26697be7b756a7432d55a3869247f80d82411dbb77e75235fdf7a1ee3dc96e44a1497caa2482f12b68a53d8a727e5ce89ed4fad8378da4213fed046cd44a8ddd6bf88db69a6a38acb6b835cf29bc853e8e952164ffa927f63c6a8dedaedf40abdbaa9d527425c549560747a0035e997e2649a7eeaf816bb42e4256fdbb3a1cc8fd0727dd516f03e652bfdb546fc34d9b52af6d9373ff86f9c9f6c710859072404a41fdf3a343425c84f491fa7166dfb4b6bad78b4e32988c90da4b854a00138fd7b9d065c9b89664869659b8231201184bc323499dcfba6e2b864bf2a5aa4b894ba4359ea200238e349fb95fbae847db1da6bc43c7b1689c8fb699c3292399abcedb63cebb5eb2ddacb94c972a2c88b3d1d2e052d2464f6fdf1a407882f09f44ae21c7ada9e98b212a2b6b23dd3ea3b6979b893aea5b0a7e33b22325b3d487024823e1a92db6f12b3d147fe13764b54b547472b58f7d5fae9c8e9012aeef66d26e5d0d466880933a0a8ad0f30080e60faf1ff00b3a74786fa9daf70edac4baeaf3599131492994e3d8f7549e143ec414fd41fae8fee6baaccbce322b9459d1e4852c265465919464e3907e1dfedaae3bdecccda3af21ab18016edd2852d4c211811a4a785238fcbd58ebfa93a864683e3963bf70ae0dbbaed1d882f4988e04af2d34160f4fcf1a1462dfdba9aa4baec180a0080ae0720f1a4e536d0bea4d31ba9b74c792858e842b1e9faeb4aa7616e3b6e7b444813149032a2973807f5d297ad8d44ca26770b68ebd69dd72a550007a9135c0a8ec4759c3449c723b7afc74b4decdb7a91a5ff000fb8694eb2a520aa22ca785719c69a16056b7029711d875ea1c89494fe5438a3938ed8fbe3592eedd8b17722d15d06e86170aaf4d7b0d799dbb8f773f1c674ae69972c6b8f758ef65109cdcca7cf5c094ead0a6494f4f4f38d678721d41e493fea3a64ef4edcb15078ddf49680e95e1e4a7fa8761c0fae802045ca8b6474819c923b6b2dc8c09646cd7f0f90af124d98ff0088ad49f2f3958ee46ba4a7a4a62f51ee3b0f8eb58092c5456dad63a49e011adb7dd0f24798a4e476f869558fb1baa4d1075065c96a21c40c118209d582f09db7899c8453206595cc7d2a5abd02403ce905266366a2dc04a92a5bab09081eb9d5a0da7b85cdafb79b9b0a334642e3a51d4b51f73e1f7d5bf19295d947fa14b5a2d86d3ed3d849a44ba755fa1e971d64a1525407480327bfcb3a00dffdd7a2581263d12df86dc951c80eb67dc4fcb3a02b3af0dc3bed97e5194fbe7ccc7092907f4ee3451ff72f4cafcc62ad744b70adb030d15e1293f4f5d3bec29f4c0395bbdb89714730e86dbcdb9ea23027e7df5d20d89bcd7ab884d45b7425433d5209031f5d36a6d536cf6d829b75319a78b5c040ea52b8f4c687e7788a6e643c5028ee65b4e3a9d23d3d7009d0eefb3c93d9ab6af85db95d2db32aa4cb6a52b2e1c9381ebe9a37b176ba1edfd4e45d95596a5a22b0596579385907fa413cea1b68777af0bae6beb9cc21a88c8ea71d28e91d3f2275b5716e2c5b9aed6296a92114e6dd1e4a50a185a8f04e33a8fb347ae16cd7dc5b6ae7b9bc35ee7cfa9b4e3716a1460b88d387185a140a78f9a80d0bf86fda889b7db3b47a075052cb25f7ba81242d672476d59d9b6d50370f67abd6ac76cad93480a2b49c0050a4a88fff001d0cd0ac57205218871e3b64211c9ce4727231c7c08d5871efca4a9e4d257d9ead57a976a7f036d9437092b4a139e13d40818391a5d5422db921e5c311a3292ac8e92539fd7d3499dc4aa5f927db2e6b75e94e250a2b752859e909271fdf498bb372eee8ca44d873e575804ad216783ea35718e5685adad9676e0d94a1d5d2a0d221bad9ce1b3d255ce91fbb7e1368d06aadd620d28b49c7bc63ab1cfcf55bf7037b3781f9e275bd73d498534ac84b4f1eff003e758ed3fc4bf7c6d07156e6e6c56aa30123a3cf5b20b807a60e7e38d4dbd1e94db337885db25ed538ed5edc7dd54592d92f848fe630e1e3a881c63247ae957b7dbb11af24bd63dfaf32a7199487e3c95f6581c7d958f869897778b9b66f9906a1320a1511d01b93ee82020f18573c724694bbff00b1716d4a531bcdb735244ba34974091150e67d989f518efdfd74ade41dc72c60dc5bedb7b45a08a6b75743ae479653e5b43240fb6a6e85bc96254ede5cd74ad096d19500d9c9d568db0d9dacde5024549754e888fce5f4bc52559c1c1fdf3fa69d14af0d9568d4b669d16b4cada28c87149502bc8ed8d2cef6c65c2d0656fef3ed9265b4fb9534a1248561c688c7d4e81af3dacdbabc6ed9755b7ae22a335f0e9524652147d06b55ef0b15a6e69c55da427b64a5407f7d68cbd87dd7a4a1c14f9892db4ac37e53a4151fd343c9dfc273d23ade3e1de5d2adc7e651a4fb694f2eb3d23a80fa0d569dc8dbdabd1caea74e8eb5340e5de94f09e71ce9c74ddd2de5b0a748a7c97a43d1c4853724bb14951e3f2e75a2fc99f743cecd9d4d0d25f24f9607f63aaecdc7f2db2c38bc9f5b456097540b7cbfd40949c7d0ea3abb77311202d780a3f95207c74dade1f0e75a96c3b70d9b156642d254a86d903a8fcbe7f5d27ad0d9bbcaf3b84532a50e54565973a652df68a70a1fd23e2748fa74cb5fe726826f0db6256372ef44d7244052988e406d0470558e0fd077fb6afd587b1964abc94d6186de3e5a54f214e0c057ae3e5a405856a556c2a5a29d6a539d0a423a43a96f92ac698167599bbd5484e4f9502a4971ce12e1384e3f5d3110922bf3d7b286ddd773d87b6f6f3a8b45317ac2ca7c8670493f33a52d7b70efcbc0066236b4256721b6527919f968c2cdd9252538bb0a9616e752db5afb93f1ce8f6ec1b63b750da2e98b154db23a529502a51fb6a6be81f58a6b63616bf743c2a5744b7a2a7bf4a57d4a57ebdb47d40b436cb6f56aa7ca4c70e388cb864272543ebe9a14afef756aa929ba6d950bcaeb501d411d4ac67e3e9a8bdcfa748a3c26eecbdaa41216d748529641eaf876ee7b7df50b5b673c52082b172a2e9a8bd48b2d86a25362e12ea9b401e7723b7c73dbefa89b2764b71e5deef5eb744111a2798052e1a3fc83d543d3e3eba08b03785ca254d52a1db264050010a789e94201f80e09d3a695bc15bbfa3220daf014d3ea4796a5947ba9cf0482338c6a2dad02aed8cf83527283b3575d3a8d3f325ba6a92eb8d9e02d4a1c03f42741714dcf418edd35dab3eb5a5a4294a0720929078d65bc2746dbdd95996a469be64c9afb0b9aff005027a94b4f04feba89557654ac3d2a4ababa5238f80031ab1e326e4a0e734acf46a9b75d5369ae445bbb8b0d88d4f9290cb8e29014823e2ace3d71acb7dedc6de5519353b76353e4c7717942996d242c1f5fa6915bdb7e5edba6d92eb2f497072ae807a41ce718f5d09edc5d9bbd476116354d99519979d3ec72dc463cb51ec93cf09f4fbeaf71b5a055db18d746cc5a32253a6350637bc39086801f73a57ee2786cdbfa8b050edb11d4a4824842793fa6b0eec5f5bebb535634bb8a63d1b2029b94002d380f03a55d8f7f4d2cee4f14fbbf4c71498f709738394ada4ab231dfb76d7ae93f817182b7bf865a350a7b8aa4b063b2ea15d6d295d430411dbe3ea3e7a4c6e2c7bc7635726caaad61732deaab45f8e970f00749ca47fa877c7cbbe8daeef1517ccba8ad0f213e5b89e9715e50ce7f5e0697b785f555dc409a2ddce32f476ba94c2c2394641e0692c858634f642dafbe13ad7db9a6d0ada293d131f79c5007fade2b03b7c14a07eda775abe252a957a6c692ed2505e65909084e719d2d6d7b6b6fad3970edcab4b61f5be94a92874749483ce9d96f6c6d910e437362b2ef96f24103ccf779f8634bfc18d3212a1e252b2e25d6c525a0b09f773ce350d4cf1495c8350e8acd310e34e7194f0527e3a6da362f6fa23de6bd4a515a93c1539c1e3e7a8fa8ed76d5b4da98aad36201f12f01fbeb9b447698092f796cfabb2f4c914b4b6d2d3efa027393fe63f3d685b5bcfb60c4d34ea8522372721e7638271f2d1a42d91db9abbcb6a92eff002cf04b0e8504feba0bbabc2fd0a1544b912a8f3810e1c8c8e06856d364e53410de169da17751c5cfb7efc54adb4053ccb4b1cf3f027b8eff006d2badda7508dc4ed4ee29696d869cc94ac05152bb678d4c7fdd4d6ade92a72d7ae90d1fcccafb9f971ad26762ef5b9a72dc08f2904fbc48f77ebdf4b5cafe8662dff61c53f74f68e8aea5331d404857baa4307e1ea4ea6e578a4b19aa7263d1db75c483d29ea1819fd74090bc27ce787554eb2da00fea4a544fdbbe8a689b0364d2da2c54a52dfe9464215c052873eba1054d6c12bd6ffbd6f39ccaede0f35eff002db19248f43c7a6826644aedd579cba1560b889148425ea902f825b6bfcc413d8f6fa9d66f12bbad5eda2dc3a3d99b6109486e3b0a94f161015ed0a2823cb2a3d80ce7eda0289716ee57adcadd59eb623b326bd4e2c54e4b054a94e7f312a0071c0007c7febaf136d68796d96eded689d52a2d0a124cb8317cd6dc57bc5cc0feddf48ade2ddcdd5dcdb845021539e5426df2a6cad1c673fed8d135b3b6154d81db5697537d0c5426b3d0cbd20e5c701c139cf3d8e8522337dd41d4f9f5b6a3c524f53c4e38fd35d49b04e96878edada14262c58f4faf4c6a336b6d2b98ea48eb52860e07cb2346f6add2b7dc4d9fb5f445c48b9089351280428138273f1d272d8abd854a80866a95e12bcb19715e71cfd344f4fdd1ae57d09b6b6de94e4669cf74bc9e0e3e275ef501e97d2c0b5b7d6ed46c095449b28487644b8e64be0051eb6d63d73c0f5fb6b2cddafb020bde42ebe12a09190a56826f6a8d77673c20556bf693e25d4697526ea1540f28a8ad80a4f5241f882738e06077d2a6eff13d5ab8aac9afda31d830e64565e1e6a3b2ca075018278cead7870bc0ca7ec6658ad767be95ff000cfb6f6da8bd478d163050e7ce48cfea74b4dc9b0bc3ad3a22a45cd7a4443881cf94b4fbb938edebaac9b99e357736fda62a16dec676a929c4e1b6dd7ca41e467ee064fdb556b7476f3c6aee74c54a9719705beb380b7c8081fdf4f4f487bd7a2e1ef26f7f84c14d6f6f2efbe29f5880c652de5a3d71be9f0fd4e92a8b13c39dd12deff81a745a9c5ec121e1d7d3df18273c7cb55be17811dd5ac4e332e7bd10cad67252c8515a8fcfb8d6e39e0e3706c39a9ab526f99bd69e50fc7250b41ffd7b1f91d78244a435b70f6336cd88aa72814164903f98950e473f03a4b6e9eda43a559d517e9f6ea5a5b51d4a65f427a70af4e747b44bff0074edd53347ba608a8a3a82552ba72a007c7b6813c5e6ecd4ed5b521c86e038d469cfa90a05b3856067fdc697bec77115c26da37bd7a646aecbaa00f8e8496c83d4903b60e34cb87b91b9b6dc06623d53927ca0120149fdb4949bbdf5a9b7ac498860311c4a475601c748ef9d5b11babb48f53204c5cb82b52db4951523241c73918d2b61f688645e9b8577d2db9489d38ba81dd04e3f4d464cb3f726b6ef518925d24f775dc67f538d38ad3dc6dab7d85374bac450169ff0d2df39c67b6a22b7bf561521c5466d0eb8e36b21450c9033f7d0dd23ca50bb676b37bedd47b653234b6db561444696158c73ca73ae908ef0cb75e6aa4ccd417978ea29fcd8d1ac5f1554b68acb54375dcfe6f780e3e5ada57899b217053366d12434e1ecd10303f7d41b5a2493d898ac5237a6935f5bb022545c681c93d191fefa9da16f66e55a6953355a3adc09183d4c9e7d3d3476ef890b02aae88edc67d257c2bd00fbe7419786f0c3b6aa2569b783f197ef36bce73f73a1bf81127b3bcbdfadd0aeb2a874fa6ad81c7965b8eaeaeff4d72050f79ef1703cf87d3ea0b8ff004eb513e22e3801e856b84aba414a33dff4d7767c44dce80a7235b7c2bf29534544683a64c9da76c339559025ddf3038f239184f591f2c91db4540581b6d19b69f61a5b8b2123a1b1d473c1c7db4b29db97bb3742c260c390d21608f29868a73faea5acfb0a9ee55e973374ae27d942e6b6847992307a94a0909e7d49206baa5b671d57f62e7c48ee4db1b895d65991532cb7056e74c7feb1950033cf1a0135db36447444975077a11feaee3562bc4ff855a2d8d702aa8cd2db72249528b73109ea0b4f041eaf407b7d748eac5856ec2505c98a94029f730473a6e31f40f688f855edafa73ad3ed34a510a191cf3a60da5bcee86cd3eceb4d416eaba3cf5701231df4bf8748b129ae25c9cbe8e8567279035b95cdd54454336cedbc64a9f94f252a9051909e41fedaefad6cf35b45916917bddde19ef4b3edca448aa54a7d064011e38ea2bca0e793e839fd3489f0e764c3afecf5224d516b624b4871a79a5900a487158073ea0100fcc69d5b25e24aafe15bc3fdcd7da292dd4abd1a9be432d3eb1d2da9d58092a19e40273c678d4b782df09f75ee16c2d3f7137023478d32e094fd41961c7436a432e2b28053e9ebf1d338ebc1145cfe24f21ad82717c4e5c961dea6a747a92d515128afa10720827e03e5ab7bb31e3f767770e9688573b896678013ca3b9c7d7551a1f865bc69b05ba6d2686f4990eb83adc283ef6073c91c6b235e0ff7bd15254b62dd6a1a460871c75401fd069d19b4f65d8bbb7af6f7a49a7467d4b4a7a9209094abff007f5d2e2a5e2b6df60394cac58c5082708941d07f6ce82f6836b6e89c4dafb81556e3748e96e484a94471f3d1d557c19551b654a7ae46a4c6092a6dd4b07d7b7a7cf516d688a4f62a77037a22d3c1add328256d15f201f4cfd74bcdeedd0b6f76b66673501e6d3528280e458afe382169eac77fe9ead396ebf0b522994b31dbb95c7d0b4614d86470755e2bde1cee3895398cc3a834e32e2949f2c95257ff00f38fdf417f06b1fc2badad59a55eb558f45290d4a5fbb82d807ab3c8e0fc01d3be81b1131c8acb532a6969b0ac028c850e3e9a485c5b5f57dbdbd9baa519b504b328b8b503ca540e0e9b33b7bee6ae519b854e57448e065a4e48c695c89865db1834bf0e55b8d2bcfa75ceda9b5e0a52a49cf1cf7038d4f9f0f3325b0b9350aca1939cacb49e48fae74afb237b775ad1594ca4bef0278f3d8c8c6a72a7e27afbac30ba642831e2a969c2d486ca89fb1d2afafa1127b19768ec6d8a947955543af051c174bb8cfe9aef7b787bdbb8c80ed29d90518cf32781a55d227ee9c9a69716fcd5059ca31d49ce7e000d679d6eef1caa3a8793520de3dceb51e79f9eb9b41127b27a16d6edabcfa994cd095a4e143da868cedfdaadbeaac434daaa4486d23084bae0e7efa405336d2f175e7572aabecef295c05a8e7beb69db4376e8849835d7df6d5e8890463ed8d7584d32c32f69b6ced4ccc84d450a6503287560e33c7f7d0c5c7ba7b5d4192988d34d97f9e96db8fdfe3ce9594956e006cc7aa974a91f99d75dc85ffd759e5d92890f09557ab2db0afe942b8fdf4369a47927b0cd5e20ed82e1f60a3ab28c90544019c6abbf883f15751b4f76edb94c24bcdd1eab1ea6fc16d592ea50e255d3ebf0ec7f6efa2edd1b8b6ff6d6dc915c86faa53f1db2436a50e57d86467b64ea9f50ee791b81bcb4cafdc6e644cac30a90da54404b7e6a7dc07fcb8d761a4d1cc92cf52fc44ef55d0a9399f43659a4552321d871e7b1efa10a4e46083ee8049f43e9f5154eeb5d52356d72a354da911d6094b2950574fe99c6bd55ba3c2bd8b75da4c5f9b8a8f2a02582a821c3ca5000012323b6354d3c4231b6d67d4e4d3ad7b144865230dc98ec04851fb0e7f6d3f0d0bed26552a95ceb9a95c4728ab2bec086cf3ceb2d9ee54a1cd0989497985289c3ee359092477d14d5a65c911f12a3da4a0d93d43a1a51c0f4ce468d368262ee6b9e1d12e7b59c65b90f2525e093eea4f73dbd3bea17529844d30537bad4b8acef0eb36eb955954f8cfd5e117ba81486db575023b64f293fa8d594f0875eafeea787fa05d106e75a9098decde524abf93e5fbbd1f6e3f5d0f7e251b2b3f6e3c255499b46a267512aad2151e4389016d38977cce9cfa1e9ea1cfc74a4fc3937aa6d9db012286b4bcae8b8a42c7421c501d4d3248c84e3b93db42f72ff0045f2e1a6fa47ac5677b0d598f69abd3a353d803282a401c6b15e1bdfe18ed16974bba6ea86eb8d8f79284f514ebcf3ff00e36371b75eb0f4654c931c10436cb4a20273f2d175ade04fc456f6ad9b8155262353de01d2b9923f98b49f90ff00aeaddfc14aedf4393713c57f85a61e7265a6dca92e05e3211d201cfc02b41f1ff10fad521d14da6d0d2ec351c33e7a89c8ff00fcd1158df844d49cfe6dc5721c75825b8ade02bff3678d33a17e17db436e844cac449bd238536e483d248f5cfa686dad1ed3160c788fa55e086e5ae02505782b652e019f90e74a4df4dfaa052ee5eaa55aaea19e91d449e54a1df1cfc33ab3b7ad9be1736be1a23374786892ca825bcafa95907d48d2437c775bc39d429916c6bc6c7432e565e5374da8a905b536e8e47bc3381c7dc67505d868e914de0ef2db556bc1f6ab915b6d0b98be84e3a93d27279f86988dd4b6c29ec2aaf15c829e948524b58ce49c7f7d2aaedb3acf91704b894da9a3ce4bcb485a120156158f787623e0759a81b4553908406ea49f2c2f016739ff006d46a130f1d0652f7fedf8d50545769ca71a49c05e076f968aadbdcfda19ad098e886dace0a945bf7d27eba5ec8db8b5e86952ab13ba95d94a59030751cdda7624c7f312a7e5273ef292e8d2b931875fe962627889dac83051145552be81c04a7b6b4ee8f1776845a23b1a0415ca504611c81eb8f8e9354fdb7b1837e6a2bea57a9cb89ffaea41ab476d1b8bed2fd41b20120f98f8eff41a0a85b269a60cdc1bcb7d56a62dda330590a5923a07571adba4dd9bb1223fb538b757d23d5007f7d649778edcdb8a5c78a869d50fcbd38d07cededacb150535438292d156000744f044f68239bb85b90101a547524a49c28a39d4354ee3bf2a8d876ad585210bfe8493c6be4fdd0b965c34b468890b527f374e87e3c8aed7642e456565965049c756341c934757d25a4eddd1370e80697539b21412a254a42b055ebce4ea0ecdf0bbb6d02f7a44aa855a4b4815463cccab2024389efa0ab8ef5a8c7ab3cc516a4fb0d257d380ef7c7aeb2dbbb877045a8b4e48aa2d4d8582a2ae7a47a9fb0e7eda069a64dada3dedaa53eabbd3436c4992e45a344652d32c2bdd4f401807e1d873f3f8e941bc94fd8bb5292fd29a8cccb9683eea1a4024606383a2edb1dcfaeef36d6db31ed1250c5428319f75d4207256d20b84e09febeafd46a2af0b3f6676b9f549be2aad3b3707cc4babce477edf1d30b3299db11b85b29ad6f7d28316bae509ab00842945197400a03efc7efa6ef87ba9ed4dc7566d153a73507cbc79897938f4efcf6fefa32974ab277858935bdb6b06044a353db2aa95d356652cc66876202959f315e9d2904f3e9df497bf37c768f685a5b5b374c62b73d64a5cb82ac09650aec4b11f9e91dc6547d7206754dcafd24ab483e3c63a7c455076fb7036ca66db5ef5357fc3929f69c5cbf3bc9f30278294750ce08e0e07209fae832c4f135e187626d98fb67b7567d1a9d4ca7a7a5b661d01b7c2d5800ad4e2dc054b381938d551bf3756e5bdaa66a975d764ce708f71325f25b47c9081c246877f8a4991fcc614424fa0401aa7cdfa7913e837acbad4cd80b467475552954c662bab00f5b490081a38b15dba2cb8aa6ddacb8cc4607bca71657eefc8024eb9ae6be88e9e8a852b66e5c3e3cabf6c464d276b25bf29c6bdd90f4b6ba1015f204e4fe9a8956fbf894ddce835fbfcc784b03ad88c9002877efdf5cd7340f264dca236a9b37486c3d705c574c8c67ad61692e15678fefaaf3e20b70acdb9294e58f1e1b8f3ac4c0b624b8923c970280047cb1fefae6b9a3e222be95aaaf62555f7d75ca6d415efabafa94bc1f427fdc6b1d1775aefb59dfe1d25c0b4a5df539d735cd1fc50437aa52ee8dc6923c87865649c15e00e3d73ad256d2d6a9b2029dae821409294138edae6b9a064482cb7e27d8962d5d8497155b51493f93275f556ac64e532aa8ee02892919d735cd07c64247c36e9765db6e3c90fce5a814e4a4a0f3adda9c2b4ed988a7233195000f516ceb9ae6bcd2260a3fb9f519723d861416b1d612951183c9d45dcd71d722dbd36ab2d03a19480b4255dbab807f5d735cd0321e6d8947b717da5e0e390ba4e7de5773939d6e47bcd0e0f2ba3f30e9391e878d735cd295f42636f47ae7f86ef886629be056935788f28488d225c20f942ba90842f2940e3b04e8f59dafa65eb6a3fe25bc43d624a2d68ea1fc36930bdf7ea6e039e952924f949ce3249ce33c6b9ae6b3dfa9c9cb14d264d44b7d959bc51f8abdc0ddd8ccdaf4af2a8b6bc15f5526dea7a7a63b2de700293c75afb12b3cfcb48691539727cd8681d4eb5853c4b84f9793c03903233db1ebae6b9ace5e5b75db18889d12143b0ebd55792b5c807ab052952c723e5a6850bc395e952a7225c48adf42bb754840fefae6b9a0ddd6c278a3fffd9);

-- --------------------------------------------------------

--
-- Table structure for table `manager_signup`
--

DROP TABLE IF EXISTS `manager_signup`;
CREATE TABLE IF NOT EXISTS `manager_signup` (
  `firstName` varchar(100) NOT NULL,
  `lastName` varchar(100) NOT NULL,
  `contact` varchar(50) NOT NULL,
  `emailid` varchar(50) NOT NULL,
  `password` varchar(20) NOT NULL,
  `sex` varchar(100) NOT NULL,
  PRIMARY KEY (`emailid`)
) ENGINE=InnoDB DEFAULT CHARSET=latin1;

--
-- Dumping data for table `manager_signup`
--

INSERT INTO `manager_signup` (`firstName`, `lastName`, `contact`, `emailid`, `password`, `sex`) VALUES
('akash', 'hadw', '49898989', 'akki@', 'male', 'male'),
('jabba', 'apaa', '56565656', 'jabba@', 'jaa', 'male'),
('jayesh', 'kuk', '756878767', 'jay@', '235', 'male'),
('pawan', 'maurya', '456799', 'pawan@', 'paw', 'male'),
('sha', 'fldd', '45465446', 'sha@', 'sasa', 'male');

-- --------------------------------------------------------

--
-- Table structure for table `markers`
--

DROP TABLE IF EXISTS `markers`;
CREATE TABLE IF NOT EXISTS `markers` (
  `id` int(11) NOT NULL AUTO_INCREMENT,
  `name` varchar(60) NOT NULL,
  `address` varchar(80) NOT NULL,
  `lat` float(10,6) NOT NULL,
  `lng` float(10,6) NOT NULL,
  `type` varchar(30) NOT NULL,
  PRIMARY KEY (`id`)
) ENGINE=MyISAM AUTO_INCREMENT=9 DEFAULT CHARSET=latin1;

--
-- Dumping data for table `markers`
--

INSERT INTO `markers` (`id`, `name`, `address`, `lat`, `lng`, `type`) VALUES
(1, 'Love.Fish', '580 Darling Street, Rozelle, NSW', -33.861034, 151.171936, 'restaurant'),
(2, 'Young Henrys', '76 Wilford Street, Newtown, NSW', -33.898113, 151.174469, 'bar'),
(3, 'Hunter Gatherer', 'Greenwood Plaza, 36 Blue St, North Sydney NSW', -33.840282, 151.207474, 'bar'),
(4, 'The Potting Shed', '7A, 2 Huntley Street, Alexandria, NSW', -33.910751, 151.194168, 'bar'),
(5, 'Nomad', '16 Foster Street, Surry Hills, NSW', -33.879917, 151.210449, 'bar'),
(6, 'Three Blue Ducks', '43 Macpherson Street, Bronte, NSW', -33.906357, 151.263763, 'restaurant'),
(7, 'Single Origin Roasters', '60-64 Reservoir Street, Surry Hills, NSW', -33.881123, 151.209656, 'restaurant'),
(8, 'Red Lantern', '60 Riley Street, Darlinghurst, NSW', -33.874737, 151.215530, 'restaurant');

-- --------------------------------------------------------

--
-- Table structure for table `plot_home`
--

DROP TABLE IF EXISTS `plot_home`;
CREATE TABLE IF NOT EXISTS `plot_home` (
  `name` varchar(20) NOT NULL,
  `latitude` float(10,6) NOT NULL,
  `longitude` float(10,6) NOT NULL
) ENGINE=MyISAM DEFAULT CHARSET=latin1;

--
-- Dumping data for table `plot_home`
--

INSERT INTO `plot_home` (`name`, `latitude`, `longitude`) VALUES
('mankhurd', 19.053320, 72.936432),
('Colaba', 18.895634, 72.927971),
('andheri', 19.113646, 72.869736),
('Lokhandwala', 19.143970, 72.823799),
('Borivali', 19.237188, 72.844139),
('Charkop', 19.206181, 72.825180),
('Goregaon', 19.163473, 72.847214),
('kurla', 19.059984, 72.889999),
('kurla east', 19.062401, 72.884491),
('Nehru Nagar', 19.060656, 72.882050),
('Tilak nagar', 19.064270, 72.890472);

-- --------------------------------------------------------

--
-- Table structure for table `signup`
--

DROP TABLE IF EXISTS `signup`;
CREATE TABLE IF NOT EXISTS `signup` (
  `firstName` varchar(100) NOT NULL,
  `lastName` varchar(100) NOT NULL,
  `contact` varchar(50) NOT NULL,
  `emailid` varchar(50) NOT NULL,
  `password` varchar(225) NOT NULL,
  `sex` varchar(100) NOT NULL,
  `latitude` float(12,10) DEFAULT NULL,
  `longitude` float(12,10) DEFAULT NULL,
  PRIMARY KEY (`contact`)
) ENGINE=InnoDB DEFAULT CHARSET=latin1;

--
-- Dumping data for table `signup`
--

INSERT INTO `signup` (`firstName`, `lastName`, `contact`, `emailid`, `password`, `sex`, `latitude`, `longitude`) VALUES
('', '', '', 'sha@', 'c20ad4d76fe97759aa27', '', NULL, NULL),
('prashant', 'paradkar', '1234669', 'pra@', '68053af2923e00204c3c', 'Male', NULL, NULL),
('deepak', 'parad', '147699899', 'parad@', '202cb962ac59075b964b', 'Male', NULL, NULL),
('nishant', 'nimbal', '256589', 'nishant@', 'dd458505749b2941217d', 'Male', NULL, NULL),
('vishal', 'choutele', '256698', 'visha@', '30bb3825e8f631cc6075', 'Male', NULL, NULL),
('asa', 'aa', '334', 'ss@', 'c20ad4d76fe97759aa27a0c99bff6710', 'Male', NULL, NULL),
('pro', 'sat', '456', 'prI@', 'a87ff679a2f3e71d9181', 'Male', NULL, NULL),
('shadrak', 's', '456446464', 'sha@', '12', '', NULL, NULL),
('paramhans', 'ma', '4567', 'par@', '68053af2923e00204c3c', 'Male', NULL, NULL),
('vishal', 'choutele', '45699', 'vishal@', '8b64d2451b7a8f3fd17390f88ea35917', 'Male', NULL, NULL),
('j', '5', '5', '5', '6c8349cc7260ae62e3b1', 'Female', NULL, NULL),
('jayesh', 'kuk', '76645600', 'jay@', '123', 'male', 0.0000000000, 73.1671066284),
('ankit', 'patil', '7894636', 'ankit@', '202cb962ac59075b964b07152d234b70', 'Male', NULL, NULL),
('abhishek', 'kukreja', '7897899', 'abh@', '202cb962ac59075b964b07152d234b70', 'Male', NULL, NULL),
('akash ', 'hadwale', '87979899', 'akki@', 'a01610228fe998f515a72dd730294d87', 'Male', NULL, NULL),
('kishore', 'Kukreja', '898975264', 'kishore@', '202cb962ac59075b964b', 'Male', NULL, NULL),
('adarsh', 'gupta', '98766', 'ada@', '202cb962ac59075b964b07152d234b70', 'Male', NULL, NULL);

-- --------------------------------------------------------

--
-- Table structure for table `slot_park_rel`
--

DROP TABLE IF EXISTS `slot_park_rel`;
CREATE TABLE IF NOT EXISTS `slot_park_rel` (
  `pid` int(11) NOT NULL,
  `slot` varchar(20) NOT NULL,
  `status` varchar(20) NOT NULL,
  `date` date NOT NULL,
  `tim` time NOT NULL,
  `book_status` varchar(20) NOT NULL
) ENGINE=InnoDB DEFAULT CHARSET=latin1;

--
-- Dumping data for table `slot_park_rel`
--

INSERT INTO `slot_park_rel` (`pid`, `slot`, `status`, `date`, `tim`, `book_status`) VALUES
(3, 'A', 'open', '0000-00-00', '00:00:00', 'unreserve'),
(2, 'A', 'filled', '0000-00-00', '00:00:00', ''),
(3, 'B', 'open', '0000-00-00', '00:00:00', 'unreserve'),
(2, 'B', 'open', '0000-00-00', '00:00:00', 'unreserve'),
(5, 'A', 'open', '0000-00-00', '00:00:00', 'unreserve');

--
-- Constraints for dumped tables
--

--
-- Constraints for table `manager_park_lot`
--
ALTER TABLE `manager_park_lot`
  ADD CONSTRAINT `manager_park_lot_ibfk_1` FOREIGN KEY (`emailid`) REFERENCES `manager_signup` (`emailid`) ON DELETE CASCADE;
COMMIT;

/*!40101 SET CHARACTER_SET_CLIENT=@OLD_CHARACTER_SET_CLIENT */;
/*!40101 SET CHARACTER_SET_RESULTS=@OLD_CHARACTER_SET_RESULTS */;
/*!40101 SET COLLATION_CONNECTION=@OLD_COLLATION_CONNECTION */;
